time,latitude,longitude,depth,mag,magType,nst,gap,dmin,rms,net,id,updated,place,type,horizontalError,depthError,magError,magNst,status,locationSource,magSource
2024-06-01T00:21:41.623Z,20.4871,145.3517,116.454,4.8,mb,143,47,5.234,0.44,us,us7000mpdw,2024-08-06T20:32:49.040Z,"Maug Islands region, Northern Mariana Islands",earthquake,9.63,2.388,0.051,119,reviewed,us,us
2024-06-01T00:29:30.918Z,44.8751,147.3848,133.67,4.5,mb,87,81,3.511,0.72,us,us7000mpdz,2024-08-06T20:32:49.040Z,"55 km SW of Kuril’sk, Russia",earthquake,9.45,5.874,0.066,67,reviewed,us,us
2024-06-01T00:32:39.430Z,24.3927,122.0524,26.992,4.5,mwr,100,58,0.675,0.55,us,us7000mpdy,2024-08-06T20:32:49.040Z,"50 km SE of Yilan, Taiwan",earthquake,2.04,5.084,0.062,25,reviewed,us,us
2024-06-01T00:37:52.507Z,-0.0246,123.3358,138.23,4.5,mb,58,67,1.157,0.79,us,us7000mpe1,2024-08-06T20:32:49.040Z,"69 km SSE of Gorontalo, Indonesia",earthquake,7.69,6.656,0.084,42,reviewed,us,us
2024-06-01T00:46:38.484Z,34.1381,86.3128,20.71,5.9,mww,318,20,6.024,0.52,us,us7000mpe2,2024-08-06T20:32:49.040Z,"western Xizang",earthquake,8.66,3.329,0.08,15,reviewed,us,us
2024-06-01T00:54:20.957Z,-27.7711,65.3015,10,4.6,mb,24,155,53.21,0.33,us,us7000mqy5,2024-08-06T20:32:52.040Z,"Indian Ocean Triple Junction",earthquake,6.83,1.902,0.132,17,reviewed,us,us
2024-06-01T00:56:43.725Z,34.2739,86.2597,10,4.5,mb,22,68,6.508,0.69,us,us7000mqya,2024-08-06T20:32:52.040Z,"western Xizang",earthquake,10.26,1.908,0.181,9,reviewed,us,us
2024-06-01T02:37:31.517Z,28.9087,131.0686,10,5.2,mb,87,50,2.646,0.71,us,us7000mpec,2024-08-06T20:32:49.040Z,"152 km ENE of Tatsugō, Japan",earthquake,3.28,1.816,0.029,410,reviewed,us,us
2024-06-01T02:46:02.600Z,23.0987,-45.0176,10,4.7,mb,51,86,16.542,0.88,us,us7000mqy7,2024-08-06T20:32:52.040Z,"northern Mid-Atlantic Ridge",earthquake,12.2,1.895,0.063,75,reviewed,us,us
2024-06-01T03:27:06.970Z,-31.4997,-68.7704,105.33,4.5,mb,53,39,0.087,0.55,us,us7000mpei,2024-08-06T20:32:49.040Z,"6 km NNW of Villa Basilio Nievas, Argentina",earthquake,5.94,4.334,0.095,32,reviewed,us,us
2024-06-01T04:06:56.697Z,14.5438,-94.0602,26.212,4.5,mb,61,156,1.411,1.1,us,us7000mpem,2024-08-06T20:32:49.040Z,"139 km SW of La Esperanza (El Zapotal), Mexico",earthquake,4.95,6.393,0.046,144,reviewed,us,us
2024-06-01T04:17:06.969Z,8.9136,126.2895,65.653,4.7,mb,74,93,1.962,1.01,us,us7000mpeq,2024-08-06T20:32:49.040Z,"1 km S of Bacolod, Philippines",earthquake,9.74,5.365,0.051,117,reviewed,us,us
2024-06-01T05:20:33.181Z,-7.3135,-13.2013,10,4.9,mb,56,101,1.303,0.66,us,us7000mpey,2024-08-06T20:32:49.040Z,"149 km ENE of Georgetown, Saint Helena",earthquake,10.26,1.875,0.079,50,reviewed,us,us
2024-06-01T05:49:50.968Z,-2.0472,128.3331,10,4.6,mb,35,73,2.916,0.74,us,us7000mpf1,2024-08-06T20:32:49.040Z,"155 km NNW of Masohi, Indonesia",earthquake,6,1.608,0.103,28,reviewed,us,us
2024-06-01T07:12:40.700Z,-8.8368,124.0343,110.224,4.8,mb,65,68,0.941,0.58,us,us7000mpfe,2024-08-06T20:32:49.040Z,"55 km NW of Pante Makasar, Timor Leste",earthquake,9.47,7.159,0.072,60,reviewed,us,us
2024-06-01T08:54:38.643Z,-29.2126,-176.9792,35,4.7,mb,25,161,0.824,0.92,us,us7000mpfp,2024-08-06T20:32:49.040Z,"Kermadec Islands region",earthquake,13.34,1.946,0.123,20,reviewed,us,us
2024-06-01T09:29:15.324Z,-16.3189,-179.4816,10,4.9,mb,30,114,1.113,0.87,us,us7000mpfv,2024-08-06T20:32:49.040Z,"123 km E of Labasa, Fiji",earthquake,3.96,4.782,0.099,32,reviewed,us,us
2024-06-01T09:40:35.041Z,-10.742,165.2418,36.662,4.6,mb,30,118,5.372,0.76,us,us7000mpfz,2024-08-06T20:32:49.040Z,"60 km W of Lata, Solomon Islands",earthquake,14.85,8.018,0.094,34,reviewed,us,us
2024-06-01T10:53:06.591Z,-21.3526,-68.6663,97.964,5.1,mww,59,40,0.826,0.89,us,us7000mpg7,2024-08-06T20:32:49.040Z,"45 km WSW of Ollagüe, Chile",earthquake,6.49,5.127,0.068,21,reviewed,us,us
2024-06-01T11:01:43.411Z,-1.6626,134.5006,36.038,5,mb,38,72,2.573,0.34,us,us7000mpge,2024-08-06T20:32:49.040Z,"40 km ESE of Ransiki, Indonesia",earthquake,9.57,7.525,0.076,55,reviewed,us,us
2024-06-01T14:13:15.535Z,2.4354,128.1828,135.767,4.8,mww,135,35,1.843,0.78,us,us7000mpgz,2024-08-06T20:32:49.040Z,"80 km NNE of Tobelo, Indonesia",earthquake,7.8,5.623,0.098,10,reviewed,us,us
2024-06-01T15:48:00.457Z,-31.1253,-178.6848,9.132,4.5,mb,11,158,1.971,0.86,us,us7000mqyn,2024-08-06T20:32:52.040Z,"Kermadec Islands region",earthquake,11.52,3.318,0.191,8,reviewed,us,us
2024-06-01T17:58:09.797Z,-53.0731,159.2952,14.124,4.6,mb,27,181,1.443,0.57,us,us7000mqyz,2024-08-06T20:32:52.040Z,"Macquarie Island region",earthquake,13.09,5.845,0.119,24,reviewed,us,us
2024-06-01T18:58:58.526Z,-29.671,-176.9528,10,4.7,mb,14,190,0.937,0.86,us,us7000mqyu,2024-08-06T20:32:52.040Z,"Kermadec Islands region",earthquake,12.85,1.971,0.183,9,reviewed,us,us
2024-06-01T20:03:32.280Z,-22.9896,179.2066,561.361,4.5,mb,23,83,5.642,0.62,us,us7000mqyx,2024-08-06T20:32:52.040Z,"south of the Fiji Islands",earthquake,15.04,8.119,0.15,13,reviewed,us,us
2024-06-01T21:52:39.065Z,-6.361,147.2984,66.881,4.8,mb,82,107,3.027,1,us,us7000mpii,2024-08-06T20:32:49.040Z,"52 km NE of Lae, Papua New Guinea",earthquake,8.63,5.479,0.071,61,reviewed,us,us
2024-06-01T21:59:41.679Z,14.5093,51.9157,10,4.5,mb,26,174,9.32,1.15,us,us7000mpil,2024-08-06T20:32:49.040Z,"190 km S of Al Ghayz̧ah, Yemen",earthquake,12.03,1.973,0.145,14,reviewed,us,us
2024-06-01T23:57:11.992Z,-4.5789,102.0216,40.394,4.6,mb,52,127,0.956,0.8,us,us7000mpjb,2024-08-06T20:32:50.040Z,"90 km SSW of Bengkulu, Indonesia",earthquake,3.25,7.207,0.096,32,reviewed,us,us
2024-06-02T01:27:23.706Z,23.7136,121.6602,10,5,mb,64,83,0.462,0.73,us,us7000mpjr,2024-08-06T20:32:50.040Z,"29 km S of Hualien City, Taiwan",earthquake,3.36,1.878,0.053,115,reviewed,us,us
2024-06-02T01:28:36.309Z,23.7697,121.676,10,4.5,mb,32,69,0.512,1.13,us,us7000mr0b,2024-08-06T20:32:53.040Z,"24 km SSE of Hualien City, Taiwan",earthquake,3.41,1.861,0.127,20,reviewed,us,us
2024-06-02T03:41:06.514Z,-29.2299,-176.8992,10,5.1,mww,47,121,0.893,1.24,us,us7000mpk7,2024-08-06T20:32:50.040Z,"Kermadec Islands region",earthquake,10.24,1.842,0.093,11,reviewed,us,us
2024-06-02T06:47:28.837Z,0.914,125.2979,78.11,4.7,mb,60,85,4.52,1.19,us,us7000mpl5,2024-08-06T20:32:50.040Z,"60 km SE of Tondano, Indonesia",earthquake,7.21,6.402,0.079,49,reviewed,us,us
2024-06-02T07:59:59.910Z,36.6756,55.2613,48.78,4.5,mb,67,104,2.598,0.89,us,us7000mpla,2024-08-06T20:32:50.040Z,"38 km NE of Shahrud, Iran",earthquake,7.77,7.592,0.061,80,reviewed,us,us
2024-06-02T08:44:59.515Z,22.8369,94.5714,106.754,4.8,mb,82,49,1.654,0.65,us,us7000mplk,2024-08-06T20:32:50.040Z,"90 km S of Mawlaik, Myanmar",earthquake,8.59,5.747,0.05,124,reviewed,us,us
2024-06-02T08:56:35.700Z,18.6662,146.366,65.285,4.5,mb,26,129,3.451,0.8,us,us7000mqzp,2024-08-06T20:32:52.040Z,"Pagan region, Northern Mariana Islands",earthquake,13.29,3.404,0.118,21,reviewed,us,us
2024-06-02T09:22:03.680Z,2.0429,127.8149,233.222,4.8,mb,61,81,5.468,0.76,us,us7000mpls,2024-08-06T20:32:50.040Z,"40 km NNW of Tobelo, Indonesia",earthquake,8.29,6.652,0.049,128,reviewed,us,us
2024-06-02T09:35:40.263Z,-29.9015,-176.6918,10,4.5,mb,9,154,1.245,0.51,us,us7000mqzq,2024-08-06T20:32:52.040Z,"Kermadec Islands region",earthquake,5.95,1.971,0.242,5,reviewed,us,us
2024-06-02T13:37:50.306Z,23.8567,123.3896,36.061,4.5,mb,37,94,0.699,1.06,us,us7000mqzr,2024-08-06T20:32:52.040Z,"78 km SSE of Yonakuni, Japan",earthquake,4.91,2.152,0.104,28,reviewed,us,us
2024-06-02T13:58:01.394Z,-0.2229,122.4956,10,4.6,mb,32,91,2.166,0.85,us,us7000mqzz,2024-08-06T20:32:52.040Z,"86 km NNW of Luwuk, Indonesia",earthquake,8.2,1.882,0.107,26,reviewed,us,us
2024-06-02T14:02:42.383Z,65.8126,-135.0102,16.516,4.9,mww,106,37,1.443,0.65,us,us7000mpmr,2024-08-06T20:32:50.040Z,"286 km NE of Dawson City, Canada",earthquake,4.43,3.29,0.057,30,reviewed,us,us
2024-06-02T16:34:45.581Z,18.6318,146.521,66.466,4.6,mb,63,86,3.444,0.58,us,us7000mpng,2024-08-06T20:32:50.040Z,"Pagan region, Northern Mariana Islands",earthquake,8.35,6.483,0.057,93,reviewed,us,us
2024-06-02T17:22:39.783Z,-29.3022,-176.6672,10,4.9,mb,36,121,1.095,1.1,us,us7000mpnr,2024-08-06T20:32:50.040Z,"Kermadec Islands region",earthquake,10.6,1.892,0.081,47,reviewed,us,us
2024-06-02T18:40:31.328Z,-9.3077,156.4715,10,5.2,mww,70,33,3.433,0.73,us,us7000mpp7,2024-08-06T20:32:50.040Z,"139 km SSW of Gizo, Solomon Islands",earthquake,7.7,1.861,0.068,21,reviewed,us,us
2024-06-02T21:31:39.387Z,37.4476,137.2681,9,5.7,mww,319,37,1.171,0.53,us,us7000mppu,2024-10-08T23:30:45.559Z,"40 km NE of Anamizu, Japan",earthquake,4.91,1.689,0.044,50,reviewed,us,us
2024-06-02T21:40:20.148Z,37.4913,137.337,10,4.9,mb,128,49,1.171,0.62,us,us7000mppw,2024-08-06T20:32:50.040Z,"48 km NE of Anamizu, Japan",earthquake,5.32,1.781,0.057,97,reviewed,us,us
2024-06-02T21:43:40.775Z,-2.9237,138.8345,48.904,5,mb,97,60,1.91,0.53,us,us7000mppx,2024-08-06T20:32:50.040Z,"203 km W of Abepura, Indonesia",earthquake,6.05,5.683,0.063,80,reviewed,us,us
2024-06-02T23:01:45.151Z,11.0125,-44.1042,10,4.5,mb,18,116,10.288,0.27,us,us7000mr06,2024-08-06T20:32:52.040Z,"northern Mid-Atlantic Ridge",earthquake,14.22,1.914,0.144,14,reviewed,us,us
2024-06-03T02:55:07.780Z,-20.3359,178.024,11.59,4.9,mb,33,114,2.577,0.73,us,us7000mri7,2024-08-16T21:59:24.040Z,"247 km S of Suva, Fiji",earthquake,12.07,3.988,0.136,17,reviewed,us,us
2024-06-03T05:46:31.292Z,8.8054,122.1035,10,4.9,mb,90,64,3.85,0.61,us,us7000mpwj,2024-08-16T21:59:21.040Z,"89 km SW of Basay, Philippines",earthquake,9.45,1.86,0.046,151,reviewed,us,us
2024-06-03T06:41:51.470Z,29.6352,-42.82,10,5.9,mww,172,52,16.502,0.39,us,us7000mpxd,2024-08-16T21:59:22.040Z,"northern Mid-Atlantic Ridge",earthquake,9.61,1.862,0.036,74,reviewed,us,us
2024-06-03T07:21:43.522Z,2.9926,-31.356,10,4.5,mb,67,149,9.867,0.5,us,us7000mria,2024-08-16T21:59:18.040Z,"central Mid-Atlantic Ridge",earthquake,12.52,1.901,0.073,55,reviewed,us,us
2024-06-03T07:35:28.161Z,-22.6263,171.7129,35,5.1,mb,77,76,3.942,0.69,us,us7000mpy3,2024-08-16T21:59:24.040Z,"southeast of the Loyalty Islands",earthquake,10.76,1.913,0.047,145,reviewed,us,us
2024-06-03T07:41:48.084Z,-30.2738,-177.8612,38.834,5,mb,46,77,1.01,1.17,us,us7000mpy9,2024-08-16T21:59:21.040Z,"Kermadec Islands, New Zealand",earthquake,9.96,5.72,0.072,61,reviewed,us,us
2024-06-03T08:34:42.896Z,-37.634,179.7448,10,4.9,mb,29,181,1.145,0.84,us,us7000mpyv,2024-08-16T21:59:22.040Z,"127 km E of Hicks Bay, New Zealand",earthquake,8.52,1.946,0.12,22,reviewed,us,us
2024-06-03T10:10:12.112Z,13.4437,120.0897,10,4.5,mb,23,116,8.323,0.61,us,us7000mrid,2024-08-16T21:59:22.040Z,"35 km SSW of Looc, Philippines",earthquake,12.61,1.912,0.15,13,reviewed,us,us
2024-06-03T12:12:37.027Z,8.9337,126.6285,57.406,4.6,mb,61,116,2.124,0.66,us,us7000mq05,2024-08-16T21:59:21.040Z,"35 km E of Aras-asan, Philippines",earthquake,9.92,6.583,0.055,97,reviewed,us,us
2024-06-03T13:21:04.048Z,17.4183,94.6671,21.731,4.5,mb,28,152,4.199,0.59,us,us7000mrim,2024-08-16T21:59:23.040Z,"71 km N of Pathein, Myanmar",earthquake,8.99,5.811,0.131,18,reviewed,us,us
2024-06-03T13:35:39.045Z,24.2673,66.4468,10,4.5,mb,110,101,7.233,0.59,us,us7000mq0h,2025-06-01T20:44:37.584Z,"87 km SW of Karachi, Pakistan",earthquake,9.38,1.522,0.056,95,reviewed,us,us
2024-06-03T13:42:20.157Z,-15.4609,-173.2982,10,4.6,mb,17,146,2.129,0.48,us,us7000mrin,2024-08-16T21:59:25.040Z,"76 km NE of Hihifo, Tonga",earthquake,8.88,1.935,0.193,10,reviewed,us,us
2024-06-03T18:52:15.673Z,-18.1046,-173.0474,10,5.1,mww,71,52,3.113,1.26,us,us7000mq3s,2024-08-16T21:59:25.040Z,"115 km ENE of Neiafu, Tonga",earthquake,7.8,1.816,0.089,12,reviewed,us,us
2024-06-03T18:54:06.025Z,34.1234,86.4438,14.097,4.6,mb,46,62,5.938,0.53,us,us7000mq3u,2024-08-16T21:59:26.040Z,"western Xizang",earthquake,7.79,3.548,0.079,48,reviewed,us,us
2024-06-03T21:16:09.781Z,-4.1309,123.376,10.14,4.8,mb,74,61,3.718,0.46,us,us7000mq4s,2024-08-16T21:59:17.040Z,"97 km E of Kendari, Indonesia",earthquake,7.68,4.229,0.072,59,reviewed,us,us
2024-06-03T22:03:41.211Z,42.4985,43.5092,6.261,4.9,mww,162,20,1.026,0.63,us,us7000mq51,2024-08-16T21:59:23.040Z,"10 km SSE of Oni, Georgia",earthquake,3.86,3.58,0.06,27,reviewed,us,us
2024-06-03T22:39:24.562Z,-16.4874,-174.8082,256.109,4.5,mb,65,60,3.886,0.43,us,us7000mq5c,2024-08-16T21:59:25.040Z,"123 km WSW of Hihifo, Tonga",earthquake,8.59,4.866,0.081,44,reviewed,us,us
2024-06-03T22:42:15.344Z,-14.9654,-175.2292,10.468,4.8,mb,39,107,3.5,0.45,us,us7000mrj2,2024-08-16T21:59:23.040Z,"188 km NW of Hihifo, Tonga",earthquake,14.06,3.891,0.124,20,reviewed,us,us
2024-06-04T02:34:58.555Z,13.6712,144.8436,138.896,4.5,mb,24,121,0.085,0.7,us,us7000mrql,2024-08-16T21:59:19.040Z,"15 km NNW of Yigo Village, Guam",earthquake,8.6,4.384,0.135,16,reviewed,us,us
2024-06-04T07:30:18.695Z,-16.3535,-172.2706,10,4.5,mb,28,62,2.476,0.89,us,us7000mrqt,2024-08-16T21:59:23.040Z,"169 km ESE of Hihifo, Tonga",earthquake,6.63,1.774,0.156,15,reviewed,us,us
2024-06-04T09:10:48.292Z,0.7248,126.1364,11.344,4.5,mb,24,139,1.231,0.88,us,us7000mrqw,2024-08-16T21:59:22.040Z,"137 km SE of Bitung, Indonesia",earthquake,11.4,5.468,0.139,15,reviewed,us,us
2024-06-04T09:36:47.434Z,-19.1188,-69.1129,127.705,4.7,mb,110,82,0.552,0.82,us,us7000mq7t,2024-08-16T21:59:25.040Z,"39 km ENE of Camiña, Chile",earthquake,5.52,5.784,0.05,120,reviewed,us,us
2024-06-04T10:00:03.919Z,-17.9343,-178.5016,603.306,5.5,mww,133,64,2.497,0.71,us,us7000mq7x,2024-08-16T21:59:18.040Z,"231 km E of Levuka, Fiji",earthquake,10.81,4.352,0.069,20,reviewed,us,us
2024-06-04T14:59:19.616Z,-22.9323,-114.0795,10,5.4,mww,229,32,5.954,0.61,us,us7000mq99,2024-08-16T21:59:18.040Z,"Easter Island region",earthquake,10.09,1.712,0.083,14,reviewed,us,us
2024-06-04T15:31:29.777Z,-22.9775,-114.1686,10,4.8,mb,88,87,5.98,0.74,us,us7000mq9i,2024-08-16T21:59:18.040Z,"Easter Island region",earthquake,14.44,1.861,0.061,87,reviewed,us,us
2024-06-04T15:58:35.511Z,-23.0669,-114.1466,10,4.6,mb,46,51,5.903,0.67,us,us7000mrr4,2024-08-16T21:59:18.040Z,"Easter Island region",earthquake,13.19,1.813,0.096,32,reviewed,us,us
2024-06-04T17:05:22.326Z,-3.5998,127.3315,10,4.6,mb,50,81,2.725,0.88,us,us7000mqak,2024-08-16T21:59:23.040Z,"95 km W of Ambon, Indonesia",earthquake,8.23,1.861,0.092,35,reviewed,us,us
2024-06-04T17:26:45.977Z,-21.7479,170.5151,78.444,4.9,mww,105,66,2.971,0.76,us,us7000mqar,2024-08-16T21:59:24.040Z,"273 km E of Tadine, New Caledonia",earthquake,9.48,4.478,0.089,12,reviewed,us,us
2024-06-04T18:32:59.847Z,-37.329,-94.6408,10,5.5,mww,41,67,16.044,1,us,us7000mqbs,2024-08-16T21:59:26.040Z,"West Chile Rise",earthquake,13.67,1.779,0.05,39,reviewed,us,us
2024-06-04T20:31:19.600Z,-12.7402,-14.7085,10,4.6,mb,27,92,35.727,0.77,us,us7000mrrc,2024-08-16T21:59:25.040Z,"southern Mid-Atlantic Ridge",earthquake,11.12,1.845,0.125,19,reviewed,us,us
2024-06-04T21:09:28.581Z,-21.6021,-173.8157,10,4.5,mb,14,104,1.363,1.17,us,us7000mrra,2024-08-16T21:59:25.040Z,"121 km ESE of ‘Ohonua, Tonga",earthquake,5.1,1.958,0.181,9,reviewed,us,us
2024-06-04T22:34:58.616Z,11.0806,138.6431,10,4.6,mb,49,141,13.66,0.44,us,us7000mqd0,2024-08-16T21:59:25.040Z,"182 km NNE of Colonia, Micronesia",earthquake,14.68,1.906,0.091,36,reviewed,us,us
2024-06-04T23:19:00.244Z,-21.8396,-179.2033,568.273,4.7,mb,92,75,3.783,0.62,us,us7000mqd3,2024-08-16T21:59:18.040Z,"Fiji region",earthquake,11.85,7.515,0.065,71,reviewed,us,us
2024-06-05T02:16:01.006Z,-4.1233,143.0423,77.628,5.2,mb,103,36,2.83,0.79,us,us7000mqdv,2024-08-16T21:59:18.040Z,"26 km ENE of Ambunti, Papua New Guinea",earthquake,8.75,4.407,0.042,187,reviewed,us,us
2024-06-05T02:20:27.145Z,-3.6756,100.6221,19,5.5,mww,122,35,2.425,0.54,us,us7000mqdw,2024-08-16T21:59:21.040Z,"183 km W of Bengkulu, Indonesia",earthquake,7.46,1.695,0.075,17,reviewed,us,us
2024-06-05T02:24:22.538Z,-7.6693,147.9126,35,4.5,mb,19,148,1.878,0.73,us,us7000mry1,2024-08-16T21:59:18.040Z,"123 km S of Finschhafen, Papua New Guinea",earthquake,5.93,1.935,0.204,7,reviewed,us,us
2024-06-05T03:31:25.902Z,8.8767,-71.219,17.142,4.6,mb,58,62,0.578,0.74,us,us7000mqep,2024-08-16T21:59:21.040Z,"11 km SSE of Tucaní, Venezuela",earthquake,4.98,3.803,0.043,162,reviewed,us,us
2024-06-05T04:52:23.644Z,-34.9264,-108.2305,10,4.6,mb,23,145,30.155,0.5,us,us7000mry5,2024-08-16T21:59:24.040Z,"southern East Pacific Rise",earthquake,15.64,1.683,0.141,15,reviewed,us,us
2024-06-05T06:00:46.903Z,-38.9963,-71.8122,119.801,4.6,mb,46,76,0.643,0.77,us,us7000mqf3,2024-08-16T21:59:17.040Z,"34 km NNE of Pucón, Chile",earthquake,3,5.175,0.076,51,reviewed,us,us
2024-06-05T06:19:41.587Z,-3.5702,100.7411,10,5,mb,78,64,2.345,1.15,us,us7000mqf7,2024-08-16T21:59:21.040Z,"171 km W of Bengkulu, Indonesia",earthquake,8.75,0.983,0.07,66,reviewed,us,us
2024-06-05T06:22:34.025Z,-31.1231,-177.6597,28.354,4.5,mb,27,132,1.868,1.29,us,us7000mry7,2024-08-16T21:59:21.040Z,"Kermadec Islands region",earthquake,9.19,5.056,0.163,12,reviewed,us,us
2024-06-05T06:30:18.894Z,-7.9087,117.9494,206.392,4.8,mb,70,48,0.929,0.55,us,us7000mqf9,2024-08-16T21:59:17.040Z,"75 km NE of Pototano, Indonesia",earthquake,7.59,5.392,0.074,57,reviewed,us,us
2024-06-05T07:55:01.321Z,27.6916,-111.6015,10,4.5,mwr,73,75,0.678,1.03,us,us7000mqfg,2024-08-16T21:59:19.040Z,"62 km WSW of San Carlos, Mexico",earthquake,3.19,1.917,0.041,56,reviewed,us,us
2024-06-05T08:42:24.371Z,-13.711,14.249,10,5.1,mb,79,28,6.328,0.76,us,us7000mqfy,2024-08-16T21:59:17.040Z,"87 km W of Caconda, Angola",earthquake,9.68,1.707,0.049,139,reviewed,us,us
2024-06-05T10:39:15.098Z,-59.669,-29.5886,10.741,5.5,mww,67,69,6.583,0.67,us,us7000mqgh,2024-08-16T21:59:24.040Z,"South Sandwich Islands region",earthquake,11.26,4.784,0.073,18,reviewed,us,us
2024-06-05T11:16:14.005Z,0.4195,98.5655,65.051,5.1,mww,128,111,1.323,0.69,us,us7000mqgm,2024-08-16T21:59:22.040Z,"86 km ESE of Teluk Dalam, Indonesia",earthquake,7.63,6.526,0.075,17,reviewed,us,us
2024-06-05T11:58:40.930Z,32.4225,-115.1796667,15.58,4.57,mw,37,55,0.06498,0.38,ci,ci40614823,2024-10-09T06:19:30.798Z,"8 km N of Delta, B.C., MX",earthquake,0.49,0.82,,6,reviewed,ci,ci
2024-06-05T14:19:43.829Z,-38.2342,175.9814,190.135,4.9,mb,73,45,0.629,0.83,us,us7000mqhw,2024-10-09T05:29:03.193Z,"10 km E of Tokoroa, New Zealand",earthquake,4.96,3.874,0.073,64,reviewed,us,us
2024-06-05T15:30:39.378Z,-15.981,167.8847,187.939,4.8,mb,55,108,5.687,0.97,us,us7000mqi3,2024-08-16T21:59:26.040Z,"51 km ENE of Lakatoro, Vanuatu",earthquake,8.95,7.282,0.084,44,reviewed,us,us
2024-06-05T18:19:40.383Z,-23.6668,-179.7548,540.802,4.6,mb,30,119,5.81,0.63,us,us7000mqjt,2024-08-16T21:59:24.040Z,"south of the Fiji Islands",earthquake,15.73,14.886,0.091,36,reviewed,us,us
2024-06-05T20:35:38.647Z,-17.4561,-178.8381,529.696,4.6,mb,131,101,1.971,0.72,us,us7000mqkj,2024-08-16T21:59:18.040Z,"207 km ENE of Levuka, Fiji",earthquake,11.36,6.512,0.045,148,reviewed,us,us
2024-06-05T21:31:57.835Z,-17.3683,167.8118,10,4.6,mb,26,185,4.599,0.58,us,us7000mryr,2024-08-16T21:59:26.040Z,"67 km NW of Port-Vila, Vanuatu",earthquake,9.92,1.768,0.141,15,reviewed,us,us
2024-06-05T21:33:40.227Z,-17.2295,167.8564,10,4.5,mb,20,197,4.726,0.47,us,us7000mrys,2024-08-16T21:59:26.040Z,"74 km NW of Port-Vila, Vanuatu",earthquake,11.23,1.866,0.14,15,reviewed,us,us
2024-06-05T21:40:50.119Z,-17.3342,167.7667,10,4.5,mb,20,188,4.592,0.65,us,us7000mryv,2024-08-16T21:59:26.040Z,"73 km NW of Port-Vila, Vanuatu",earthquake,10.03,1.95,0.151,13,reviewed,us,us
2024-06-05T22:05:04.061Z,-18.2522,-174.6527,91.872,4.5,mb,33,147,3.121,0.77,us,us7000mqky,2024-08-16T21:59:25.040Z,"83 km WNW of Neiafu, Tonga",earthquake,12.45,7.888,0.108,25,reviewed,us,us
2024-06-06T00:03:25.979Z,35.549,140.6854,43.001,4.7,mwr,209,116,2.238,0.58,us,us7000mqlh,2024-08-16T21:59:22.040Z,"18 km S of Asahi, Japan",earthquake,7.28,5.615,0.073,18,reviewed,us,us
2024-06-06T01:00:20.043Z,-4.9757,154.1539,420.328,4.6,mb,108,41,7.258,0.69,us,us7000mqlq,2024-08-16T21:59:17.040Z,"209 km NW of Arawa, Papua New Guinea",earthquake,10.86,4.375,0.061,80,reviewed,us,us
2024-06-06T02:10:08.275Z,19.6396,145.2812,10,4.6,mb,12,193,4.401,1.36,us,us7000ms6k,2024-08-16T21:59:21.040Z,"Maug Islands region, Northern Mariana Islands",earthquake,9.31,2.011,0.182,9,reviewed,us,us
2024-06-06T02:12:05.742Z,28.0069,130.152,21.804,4.9,mww,123,106,2.037,0.85,us,us7000mqlw,2024-08-16T21:59:23.040Z,"73 km SE of Tatsugō, Japan",earthquake,5.82,3.344,0.11,8,reviewed,us,us
2024-06-06T02:40:05.045Z,26.8748,140.4035,478.447,4.6,mb,158,69,1.604,0.66,us,us7000mqly,2024-08-16T21:59:17.040Z,"Bonin Islands, Japan region",earthquake,8.4,6.165,0.049,123,reviewed,us,us
2024-06-06T04:58:45.262Z,-29.6841,-177.247,35,4.5,mb,14,233,0.722,1.02,us,us7000ms6f,2024-08-16T21:59:21.040Z,"Kermadec Islands, New Zealand",earthquake,6.93,2.005,0.191,8,reviewed,us,us
2024-06-06T05:58:32.040Z,59.7454,-29.9169,10,4.5,mb,60,123,6.421,0.45,us,us7000mqma,2024-08-16T21:59:23.040Z,"Reykjanes Ridge",earthquake,9.76,1.911,0.08,46,reviewed,us,us
2024-06-06T07:20:23.083Z,-9.5826,-109.8753,10,4.6,mb,20,164,20.883,0.47,us,us7000ms6j,2024-08-16T21:59:18.040Z,"central East Pacific Rise",earthquake,15.9,1.942,0.141,15,reviewed,us,us
2024-06-06T09:25:20.687Z,-60.5104,-26.4388,40.643,4.5,mb,21,176,8.264,0.45,us,us7000ms6n,2024-08-16T21:59:24.040Z,"South Sandwich Islands region",earthquake,8.93,10.201,0.14,19,reviewed,us,us
2024-06-06T11:07:53.351Z,50.1126,147.684,619.618,5.9,mww,141,29,4.522,0.69,us,us7000mqp4,2024-08-16T21:59:23.040Z,"Sea of Okhotsk",earthquake,7.44,2.918,0.038,66,reviewed,us,us
2024-06-06T12:30:56.305Z,-38.3905,48.4335,10,4.7,mb,27,53,13.431,0.77,us,us7000ms6u,2024-08-16T21:59:25.040Z,"Southwest Indian Ridge",earthquake,13.63,1.455,0.166,11,reviewed,us,us
2024-06-06T13:15:37.463Z,-9.0052,116.8448,10.967,5,mb,102,23,0.937,0.67,us,us7000mqpy,2024-08-16T21:59:22.040Z,"28 km S of Taliwang, Indonesia",earthquake,6.37,3.134,0.065,76,reviewed,us,us
2024-06-06T13:33:51.999Z,-2.9853,138.2779,37.384,4.6,mb,65,48,2.467,0.8,us,us7000mqq0,2024-08-16T21:59:23.040Z,"265 km W of Abepura, Indonesia",earthquake,8.7,6.905,0.064,72,reviewed,us,us
2024-06-06T15:11:26.981Z,4.8079,126.1105,78.534,4.5,mb,25,118,6.465,0.72,us,us7000ms6v,2024-08-16T21:59:23.040Z,"97 km SE of Sarangani, Philippines",earthquake,12.12,8.906,0.131,17,reviewed,us,us
2024-06-06T15:51:33.702Z,-20.5072,-69.0644,89.859,4.5,mwr,84,58,0.374,0.73,us,us7000mqqn,2024-08-16T21:59:25.040Z,"64 km ESE of La Tirana, Chile",earthquake,2.65,4.267,0.075,17,reviewed,us,us
2024-06-06T17:37:49.194Z,-22.3332,-70.1164,52.805,4.8,mwr,47,121,0.44,0.65,us,us7000mqsa,2024-08-16T21:59:17.040Z,"28 km SSE of Tocopilla, Chile",earthquake,3.18,4.904,0.055,32,reviewed,us,us
2024-06-06T18:57:38.825Z,-7.1935,121.0887,529.051,4.8,mb,102,40,2.541,0.59,us,us7000mqsm,2024-08-16T21:59:19.040Z,"171 km NNE of Ruteng, Indonesia",earthquake,9.43,6.081,0.044,158,reviewed,us,us
2024-06-06T22:00:57.411Z,-3.0163,141.9207,41.968,4.8,mb,57,97,1.314,0.8,us,us7000mqtn,2024-08-16T21:59:23.040Z,"49 km WNW of Aitape, Papua New Guinea",earthquake,9.24,6.238,0.072,60,reviewed,us,us
2024-06-06T22:53:04.190Z,-55.1574,-29.1201,35,5.4,mww,93,30,4.361,0.74,us,us7000mqtu,2024-08-16T21:59:24.040Z,"South Sandwich Islands region",earthquake,6.81,1.66,0.103,9,reviewed,us,us
2024-06-06T22:58:44.778Z,-55.2762,-29.1789,35,5.7,mww,101,22,4.347,0.53,us,us7000mqtv,2024-08-16T21:59:24.040Z,"South Sandwich Islands region",earthquake,8.42,1.747,0.093,11,reviewed,us,us
2024-06-06T23:37:16.660Z,-55.1111,-28.9274,35,4.9,mb,50,46,4.464,0.47,us,us7000mqub,2024-08-16T21:59:24.040Z,"South Sandwich Islands region",earthquake,11.23,1.842,0.093,36,reviewed,us,us
2024-06-07T00:46:49.787Z,-3.3966,128.298,91.39,4.5,mb,59,41,1.954,0.87,us,us7000mqv5,2024-08-16T21:59:23.040Z,"35 km NNE of Ambon, Indonesia",earthquake,7.28,5.526,0.088,39,reviewed,us,us
2024-06-07T02:21:09.295Z,-43.1774,-75.675,10,4.9,mb,39,146,2.799,0.77,us,us7000mqvj,2024-08-16T21:59:22.040Z,"166 km WSW of Chonchi, Chile",earthquake,7.28,1.844,0.054,107,reviewed,us,us
2024-06-07T04:25:15.923Z,-11.5282,-13.9139,10,4.5,mb,17,86,2.652,0.62,us,us7000msc8,2024-08-16T21:59:17.040Z,"Ascension Island region",earthquake,11.56,1.895,0.156,12,reviewed,us,us
2024-06-07T04:32:49.077Z,-55.1752,-28.8667,18.308,5,mb,42,66,4.507,0.83,us,us7000mqvy,2024-08-16T21:59:24.040Z,"South Sandwich Islands region",earthquake,11.96,1.5,0.081,49,reviewed,us,us
2024-06-07T04:45:24.227Z,-55.3649,-29.1823,19.504,4.5,mb,18,117,4.362,0.72,us,us7000mscj,2024-08-16T21:59:24.040Z,"South Sandwich Islands region",earthquake,13.7,4.86,0.15,14,reviewed,us,us
2024-06-07T05:47:36.317Z,-18.2676,-70.6437,61.823,4.5,mb,21,145,0.304,0.74,us,us7000mqwb,2024-08-16T21:59:22.040Z,"43 km WNW of Arica, Chile",earthquake,7.11,5.358,0.131,17,reviewed,us,us
2024-06-07T05:55:26.119Z,-6.3652,149.7818,60.244,4.9,mb,49,123,3.983,0.92,us,us7000mqwc,2024-08-16T21:59:22.040Z,"31 km SE of Kandrian, Papua New Guinea",earthquake,7.47,5.815,0.078,51,reviewed,us,us
2024-06-07T06:54:27.565Z,-6.6778,147.4079,57.902,4.6,mb,54,143,2.72,0.8,us,us7000mqwk,2024-08-16T21:59:22.040Z,"45 km E of Lae, Papua New Guinea",earthquake,9.11,7.266,0.074,54,reviewed,us,us
2024-06-07T07:55:57.321Z,4.3193,-75.9119,11.719,4.5,mb,49,92,1.898,1,us,us7000mqwq,2024-08-16T21:59:25.040Z,"6 km NNE of Sevilla, Colombia",earthquake,7.87,5.061,0.081,44,reviewed,us,us
2024-06-07T07:57:52.009Z,-28.1675,-177.4923,76.949,4.5,mb,28,121,1.14,1.14,us,us7000mscf,2024-08-16T21:59:21.040Z,"Kermadec Islands region",earthquake,12.41,7.557,0.104,27,reviewed,us,us
2024-06-07T12:35:24.201Z,38.5848,142.2029,61.583,4.5,mb,23,189,2.37,0.36,us,us7000mqxl,2024-08-16T21:59:22.040Z,"67 km ENE of Onagawa Chō, Japan",earthquake,6.53,10.289,0.15,13,reviewed,us,us
2024-06-07T12:59:23.978Z,-11.5266,-13.6766,10,4.7,mb,22,90,3.634,1.05,us,us7000mscp,2024-08-16T21:59:17.040Z,"Ascension Island region",earthquake,10.43,1.894,0.126,19,reviewed,us,us
2024-06-07T13:33:10.621Z,-15.0247,-173.8552,40.434,4.6,mb,22,71,2.294,0.71,us,us7000mscq,2024-08-16T21:59:25.040Z,"103 km N of Hihifo, Tonga",earthquake,11.33,8.058,0.132,19,reviewed,us,us
2024-06-07T13:37:17.520Z,22.0233,143.0365,9.946,4.6,mb,87,121,5.109,0.51,us,us7000mqy0,2024-08-16T21:59:26.040Z,"Volcano Islands, Japan region",earthquake,9.3,4.656,0.055,100,reviewed,us,us
2024-06-07T13:49:22.995Z,7.7136,-82.3251,9.366,4.6,mwr,63,155,1.204,0.73,us,us7000mqxx,2024-08-16T21:59:24.040Z,"57 km SSW of Boca Chica, Panama",earthquake,8.66,5.759,0.073,18,reviewed,us,us
2024-06-07T16:12:40.069Z,-55.4244,-29.1752,10,4.5,mb,12,185,4.378,0.71,us,us7000mscw,2024-08-16T21:59:24.040Z,"South Sandwich Islands region",earthquake,15.65,1.984,0.163,11,reviewed,us,us
2024-06-07T16:31:04.714Z,-2.994,139.2269,39.22,5.3,mww,201,17,1.549,0.64,us,us7000mr12,2024-10-09T07:03:56.099Z,"162 km WSW of Abepura, Indonesia",earthquake,6.77,4.165,0.083,14,reviewed,us,us
2024-06-07T16:57:14.486Z,-54.0047,-2.5375,10,5.2,mww,126,24,17.734,0.55,us,us7000mr18,2024-08-16T21:59:24.040Z,"southern Mid-Atlantic Ridge",earthquake,10.79,1.742,0.103,9,reviewed,us,us
2024-06-07T17:03:31.054Z,-54.0569,-2.4625,10,5.4,mb,127,33,17.682,0.48,us,us7000mr1a,2024-08-16T21:59:24.040Z,"southern Mid-Atlantic Ridge",earthquake,10.53,1.718,0.057,110,reviewed,us,us
2024-06-07T19:24:47.260Z,-17.9122,-175.025,202.142,5.1,mww,149,54,3.447,0.67,us,us7000mr28,2024-08-16T21:59:25.040Z,"137 km NW of Neiafu, Tonga",earthquake,7.7,4.618,0.103,9,reviewed,us,us
2024-06-07T23:05:19.931Z,-49.3906,30.3379,10,4.9,mb,40,66,18.43,0.46,us,us7000mr3h,2024-08-16T21:59:24.040Z,"south of Africa",earthquake,10.02,1.834,0.096,34,reviewed,us,us
2024-06-07T23:24:05.439Z,-31.7719,-178.5653,35,4.8,mb,40,159,2.563,0.61,us,us7000mr3k,2024-08-16T21:59:21.040Z,"Kermadec Islands region",earthquake,6.92,1.909,0.109,26,reviewed,us,us
2024-06-08T00:28:14.017Z,11.0186,138.7996,10,4.5,mb,38,113,13.577,0.43,us,us7000msdq,2024-08-16T21:59:25.040Z,"182 km NNE of Colonia, Micronesia",earthquake,12.77,1.884,0.106,26,reviewed,us,us
2024-06-08T02:22:15.578Z,-32.4121,-70.861,80.513,4.6,mb,58,97,0.38,0.59,us,us7000mr4c,2024-08-16T21:59:25.040Z,"35 km E of La Ligua, Chile",earthquake,3.58,5.008,0.1,30,reviewed,us,us
2024-06-08T03:12:23.442Z,14.6219,147.4632,10,4.6,mb,25,75,1.726,0.89,us,us7000msdx,2024-08-16T21:59:21.040Z,"195 km ESE of Saipan, Northern Mariana Islands",earthquake,9.07,1.91,0.158,13,reviewed,us,us
2024-06-08T04:03:05.828Z,-6.3514,154.8367,65.015,4.5,mb,33,94,5.919,0.94,us,us7000msdv,2024-08-16T21:59:17.040Z,"71 km W of Panguna, Papua New Guinea",earthquake,11.49,8.085,0.112,23,reviewed,us,us
2024-06-08T09:22:47.932Z,-19.5138,-69.4223,100.505,4.8,mwr,64,88,0.264,0.94,us,us7000mr54,2024-08-16T21:59:25.040Z,"22 km S of Camiña, Chile",earthquake,6.66,4.428,0.083,14,reviewed,us,us
2024-06-08T11:03:02.515Z,1.4247,127.1965,151.14,4.5,mb,45,96,0.67,0.73,us,us7000mr5u,2024-08-16T21:59:19.040Z,"73 km NNW of Ternate, Indonesia",earthquake,10.7,5.442,0.078,48,reviewed,us,us
2024-06-08T13:07:19.775Z,6.6732,123.7476,10.703,4.8,mb,108,41,1.861,0.69,us,us7000mr6i,2024-08-16T21:59:22.040Z,"31 km W of Taguisa, Philippines",earthquake,7.52,4.092,0.061,91,reviewed,us,us
2024-06-08T16:52:06.898Z,-18.4202,-173.856,34.134,4.8,mb,30,130,3.015,0.78,us,us7000mr7j,2024-08-16T21:59:25.040Z,"28 km NNE of Neiafu, Tonga",earthquake,10.71,6.688,0.062,84,reviewed,us,us
2024-06-08T20:00:06.585Z,-20.5663,-178.1429,542.739,4.6,mb,87,53,2.813,0.9,us,us7000mr8e,2024-08-16T21:59:18.040Z,"Fiji region",earthquake,11.69,6.176,0.032,315,reviewed,us,us
2024-06-08T20:19:41.215Z,-10.4727,-13.3092,10,4.7,mb,51,128,2.729,0.45,us,us7000mrl8,2024-08-16T21:59:17.040Z,"Ascension Island region",earthquake,11.94,1.896,0.078,50,reviewed,us,us
2024-06-08T23:43:26.544Z,-29.2821,-177.0604,60.586,4.5,mb,10,248,0.752,0.55,us,us7000msek,2024-08-16T21:59:21.040Z,"Kermadec Islands, New Zealand",earthquake,12.94,11.248,0.205,7,reviewed,us,us
2024-06-09T01:04:45.532Z,4.8573,126.0864,96.521,4.7,mb,85,72,2.255,1.13,us,us7000mr98,2024-08-16T21:59:23.040Z,"91 km SE of Sarangani, Philippines",earthquake,8.1,5.534,0.048,132,reviewed,us,us
2024-06-09T05:41:36.564Z,76.659,7.517,10,4.5,mb,37,121,2.456,0.77,us,us7000mraf,2024-08-16T21:59:25.040Z,"263 km SW of Longyearbyen, Svalbard and Jan Mayen",earthquake,9.23,1.924,0.069,62,reviewed,us,us
2024-06-09T09:45:35.358Z,-54.1827,-133.8164,10,5,mb,24,127,32.324,0.22,us,us7000msfd,2024-08-16T21:59:22.040Z,"Pacific-Antarctic Ridge",earthquake,15.63,1.91,0.121,22,reviewed,us,us
2024-06-09T09:48:03.746Z,-54.4006,-133.0913,10,5.7,mwb,42,94,31.296,0.85,us,us7000mrbq,2024-08-16T21:59:22.040Z,"Pacific-Antarctic Ridge",earthquake,13.08,1.887,0.04,59,reviewed,us,us
2024-06-09T09:53:18.907Z,-54.1471,-134.5076,10,4.6,mb,15,118,36.023,0.86,us,us7000msfe,2024-08-16T21:59:22.040Z,"Pacific-Antarctic Ridge",earthquake,17.3,1.924,0.152,13,reviewed,us,us
2024-06-09T09:55:49.381Z,-53.8559,-133.9509,10,6.2,mww,91,58,29.452,0.61,us,us7000mrbr,2025-09-26T02:34:20.453Z,"Pacific-Antarctic Ridge",earthquake,7.38,1.769,0.062,25,reviewed,us,us
2024-06-09T10:17:55.835Z,-53.8417,-134.0696,10,5.1,mb,45,106,32.587,0.43,us,us7000mrbx,2024-08-16T21:59:22.040Z,"Pacific-Antarctic Ridge",earthquake,14.26,1.88,0.061,88,reviewed,us,us
2024-06-09T10:19:46.785Z,-53.7906,-134.0407,10,4.7,mb,31,104,29.396,0.74,us,us7000msfg,2024-08-16T21:59:22.040Z,"Pacific-Antarctic Ridge",earthquake,13.72,1.883,0.095,34,reviewed,us,us
2024-06-09T10:34:26.783Z,-53.9638,-134.1789,10,4.9,mb,35,74,32.45,0.98,us,us7000mrc1,2024-08-16T21:59:22.040Z,"Pacific-Antarctic Ridge",earthquake,13.47,1.88,0.07,65,reviewed,us,us
2024-06-09T11:15:59.913Z,-2.9812,139.1659,32.815,4.6,mb,52,55,1.604,0.66,us,us7000mrc6,2024-08-16T21:59:23.040Z,"168 km WSW of Abepura, Indonesia",earthquake,6.44,5.425,0.095,33,reviewed,us,us
2024-06-09T11:27:42.446Z,-53.9214,-134.1183,10,5,mb,34,97,32.502,0.52,us,us7000mrcd,2024-08-16T21:59:22.040Z,"Pacific-Antarctic Ridge",earthquake,6.86,1.861,0.077,54,reviewed,us,us
2024-06-09T12:03:28.250Z,-8.916,-108.557,10,4.8,mb,44,147,36.181,0.57,us,us7000mrch,2024-08-16T21:59:18.040Z,"central East Pacific Rise",earthquake,11.6,1.908,0.053,108,reviewed,us,us
2024-06-09T16:28:38.228Z,-5.4569,154.0688,125,5.7,mww,120,36,7.044,0.82,us,us7000mrdc,2024-08-16T21:59:17.040Z,"183 km WNW of Panguna, Papua New Guinea",earthquake,8.92,1.888,0.043,53,reviewed,us,us
2024-06-09T20:35:13.723Z,-55.6212,-26.7597,10,4.5,mb,26,113,5.764,0.53,us,us7000msfz,2024-08-16T21:59:24.040Z,"South Sandwich Islands region",earthquake,6.87,1.903,0.111,24,reviewed,us,us
2024-06-09T20:46:04.656Z,-6.3351,146.5069,99.975,4.7,mb,78,61,3.117,0.57,us,us7000mre0,2024-08-16T21:59:22.040Z,"69 km NW of Lae, Papua New Guinea",earthquake,7.51,6.736,0.064,75,reviewed,us,us
2024-06-09T23:39:07.790Z,-3.0248,127.7925,43.21,4.5,mb,51,49,4.079,0.53,us,us7000mreb,2024-08-16T21:59:23.040Z,"85 km NNW of Ambon, Indonesia",earthquake,7.94,5.437,0.085,41,reviewed,us,us
2024-06-10T00:40:44.160Z,-18.5548,65.3493,10,4.5,mb,31,138,2.22,1.3,us,us7000mrvd,2024-08-23T18:03:29.040Z,"238 km ENE of Port Mathurin, Mauritius",earthquake,13.35,1.906,0.113,23,reviewed,us,us
2024-06-10T01:29:29.672Z,-5.9321,131.1775,68.999,4.5,mb,33,67,1.889,0.86,us,us7000mrek,2024-08-23T18:03:01.040Z,"177 km W of Tual, Indonesia",earthquake,7.19,8.499,0.113,23,reviewed,us,us
2024-06-10T02:47:57.816Z,-3.3321,126.8794,10.225,4.6,mb,19,88,3.241,0.8,us,us7000mres,2024-08-23T18:03:01.040Z,"150 km WNW of Ambon, Indonesia",earthquake,12.58,5.153,0.141,15,reviewed,us,us
2024-06-10T03:14:51.726Z,37.9122,68.1858,10,4.5,mb,97,83,0.987,0.65,us,us7000mrev,2024-08-23T18:03:02.040Z,"36 km ESE of Sho‘rchi, Uzbekistan",earthquake,5.44,1.832,0.068,63,reviewed,us,us
2024-06-10T03:44:14.733Z,-18.7431,65.1681,10,5,mb,76,59,1.975,0.73,us,us7000mrf1,2024-08-23T18:03:03.040Z,"211 km ENE of Port Mathurin, Mauritius",earthquake,9,1.774,0.075,57,reviewed,us,us
2024-06-10T03:47:29.041Z,-60.6463,-26.9881,10,4.7,mb,29,108,17.304,0.57,us,us7000mrf0,2024-08-23T18:03:03.040Z,"South Sandwich Islands region",earthquake,8.8,1.926,0.096,33,reviewed,us,us
2024-06-10T03:49:41.546Z,-12.7631,166.741,138.008,5.2,mww,104,27,7.44,0.66,us,us7000mrez,2024-08-23T18:03:03.040Z,"151 km NW of Sola, Vanuatu",earthquake,9.79,4.386,0.062,25,reviewed,us,us
2024-06-10T03:56:16.157Z,23.6498,122.8825,36.813,4.5,mwr,54,105,0.822,0.66,us,us7000mrf2,2024-08-23T18:03:04.040Z,"91 km S of Yonakuni, Japan",earthquake,5.27,5.51,0.066,22,reviewed,us,us
2024-06-10T04:42:14.809Z,-54.1304,-133.8362,10,4.7,mb,17,79,36.041,0.73,us,us7000mrvh,2024-08-23T18:03:30.040Z,"Pacific-Antarctic Ridge",earthquake,15.08,1.54,0.147,14,reviewed,us,us
2024-06-10T06:02:05.404Z,0.26,124.8977,78.925,4.6,mb,55,86,4.201,0.71,us,us7000mrfc,2024-08-23T18:03:05.040Z,"55 km ESE of Modisi, Indonesia",earthquake,9.12,7.568,0.083,43,reviewed,us,us
2024-06-10T10:10:36.968Z,7.3748,92.0633,10,4.7,mb,53,100,8.264,0.9,us,us7000mrgb,2024-08-23T18:03:07.040Z,"Nicobar Islands, India region",earthquake,9.5,1.852,0.102,29,reviewed,us,us
2024-06-10T16:02:30.831Z,1.2488,121.8009,40.216,4.5,mb,38,93,1.028,0.9,us,us7000mt7m,2024-08-23T18:04:43.040Z,"160 km WNW of Gorontalo, Indonesia",earthquake,6.62,8.424,0.106,26,reviewed,us,us
2024-06-10T17:35:25.135Z,40.9018,84.2539,10,4.6,mb,66,112,4.296,0.51,us,us7000mrjg,2024-08-23T18:03:08.040Z,"143 km SE of Kuqa, China",earthquake,9.11,1.888,0.073,56,reviewed,us,us
2024-06-10T21:58:43.614Z,-20.0981,168.8268,10,4.5,mb,30,141,2.814,0.9,us,us7000mt7q,2024-08-23T18:04:43.040Z,"77 km SW of Isangel, Vanuatu",earthquake,9.92,1.848,0.121,20,reviewed,us,us
2024-06-10T22:09:18.533Z,29.5216,140.2418,180.675,4.8,mww,242,43,2.962,0.81,us,us7000mrkv,2024-08-23T18:03:10.040Z,"Izu Islands, Japan region",earthquake,8.03,4.553,0.103,9,reviewed,us,us
2024-06-10T22:27:27.609Z,44.3692,148.9899,41.878,4.6,mb,100,131,4.603,0.55,us,us7000mrkz,2024-08-23T18:03:11.040Z,"129 km SE of Kuril’sk, Russia",earthquake,10,7.049,0.061,79,reviewed,us,us
2024-06-10T22:34:43.900Z,-9.0299,-108.8113,10,5,mb,148,100,29.457,0.49,us,us7000mrl5,2024-08-23T18:03:11.040Z,"central East Pacific Rise",earthquake,13.59,1.807,0.043,173,reviewed,us,us
2024-06-10T23:39:24.494Z,-56.0114,-27.6057,114.165,4.6,mb,42,57,5.38,0.36,us,us7000mrlp,2024-08-23T18:03:13.040Z,"South Sandwich Islands region",earthquake,11.28,2.867,0.102,29,reviewed,us,us
2024-06-10T23:46:09.085Z,4.8187,95.855,105.522,4.7,mb,117,65,1.162,0.54,us,us7000mrlj,2024-08-23T18:03:12.040Z,"63 km S of Sigli, Indonesia",earthquake,8.19,5.654,0.055,100,reviewed,us,us
2024-06-11T00:51:53.564Z,-18.798,-177.6358,581.364,4.7,mb,156,42,3.286,0.61,us,us7000mrlv,2024-08-23T18:03:14.040Z,"Fiji region",earthquake,11.52,5.741,0.052,112,reviewed,us,us
2024-06-11T02:51:11.346Z,-20.1268,168.6915,10,5.1,mww,62,56,2.732,0.7,us,us7000mrmc,2024-08-23T18:03:15.040Z,"89 km SW of Isangel, Vanuatu",earthquake,4.26,1.744,0.08,15,reviewed,us,us
2024-06-11T02:56:32.775Z,-20.1774,168.518,10,5.2,mww,58,83,2.621,0.77,us,us7000mrme,2024-08-23T18:03:16.040Z,"106 km SW of Isangel, Vanuatu",earthquake,7.8,1.804,0.103,9,reviewed,us,us
2024-06-11T03:59:48.898Z,-20.0754,168.6661,10,4.6,mb,31,103,2.769,0.69,us,us6000n8ar,2024-08-23T18:02:25.040Z,"87 km SW of Isangel, Vanuatu",earthquake,6.96,1.858,0.141,15,reviewed,us,us
2024-06-11T04:51:46.750Z,-21.9787,-179.1696,586.973,4.7,mb,103,27,3.778,0.65,us,us7000mrmu,2024-08-23T18:03:17.040Z,"Fiji region",earthquake,11.47,5.523,0.033,271,reviewed,us,us
2024-06-11T04:53:08.161Z,-21.9359,-179.105,583.388,4.8,mb,65,48,3.711,0.96,us,us6000n8aj,2024-08-23T18:02:22.040Z,"Fiji region",earthquake,11.85,6.639,0.092,36,reviewed,us,us
2024-06-11T06:58:36.087Z,9.4523,119.739,9.9,5.2,mww,83,80,8.351,0.57,us,us7000mrn5,2024-08-23T18:03:18.040Z,"97 km SE of Caramay, Philippines",earthquake,8.35,3.47,0.073,18,reviewed,us,us
2024-06-11T07:52:39.985Z,-15.422,-174.7393,249.326,4.5,mb,47,51,3.233,0.65,us,us7000mrnf,2024-08-23T18:03:18.040Z,"117 km WNW of Hihifo, Tonga",earthquake,7.35,6.562,0.097,31,reviewed,us,us
2024-06-11T08:07:20.796Z,0.8589,97.7622,40.995,4.6,mb,46,72,0.48,0.79,us,us7000mrnk,2024-08-23T18:03:19.040Z,"31 km N of Teluk Dalam, Indonesia",earthquake,8.23,5.875,0.105,27,reviewed,us,us
2024-06-11T11:09:31.661Z,-5.2539,151.1864,124.061,5.1,mww,89,51,4.97,0.88,us,us7000mrp4,2024-08-23T18:03:20.040Z,"120 km ENE of Kimbe, Papua New Guinea",earthquake,8.71,5.725,0.078,16,reviewed,us,us
2024-06-11T11:38:17.405Z,-5.284,151.2803,121.73,5.2,mww,72,53,5.061,0.69,us,us7000mrp5,2024-08-23T18:03:20.040Z,"130 km ENE of Kimbe, Papua New Guinea",earthquake,5.87,6.834,0.073,18,reviewed,us,us
2024-06-11T15:28:21.246Z,-18.6122,-172.8687,10,5.2,mww,86,58,2.824,0.83,us,us7000mrqb,2024-08-23T18:03:22.040Z,"117 km E of Neiafu, Tonga",earthquake,6.73,1.79,0.075,17,reviewed,us,us
2024-06-11T15:51:10.357Z,-15.1066,-173.9511,61.38,4.5,mb,22,105,2.414,0.79,us,us6000n8b0,2024-08-23T18:02:27.040Z,"95 km N of Hihifo, Tonga",earthquake,11.28,8.849,0.163,13,reviewed,us,us
2024-06-11T17:34:09.596Z,-24.1286,-66.8045,187.327,4.7,mb,110,43,2.736,0.7,us,us7000mrrt,2024-08-23T18:03:23.040Z,"50 km WNW of San Antonio de los Cobres, Argentina",earthquake,7.73,2.846,0.041,180,reviewed,us,us
2024-06-11T18:59:45.841Z,18.1612,120.0021,20.997,4.5,mb,71,100,4.741,0.84,us,us7000mrss,2024-08-23T18:03:25.040Z,"52 km W of Callaguip, Philippines",earthquake,10.55,5.309,0.075,52,reviewed,us,us
2024-06-11T22:09:31.680Z,-7.3596,103.4801,10,4.5,mb,32,114,3.025,0.7,us,us7000mru1,2024-08-23T18:03:27.040Z,"281 km WSW of Labuan, Indonesia",earthquake,9.45,1.889,0.128,18,reviewed,us,us
2024-06-12T01:15:19.226Z,15.4015,-95.5334,10,4.5,mb,83,83,0.664,0.93,us,us7000mrul,2024-08-23T18:03:28.040Z,"64 km SSE of El Coyul, Mexico",earthquake,5.01,1.849,0.05,118,reviewed,us,us
2024-06-12T02:25:55.624Z,8.3358,-103.3322,10,5.7,mww,96,67,10.278,0.56,us,us7000mrv4,2024-08-23T18:03:28.040Z,"northern East Pacific Rise",earthquake,10.09,1.835,0.045,48,reviewed,us,us
2024-06-12T02:29:03.819Z,8.496,-103.325,10,4.6,mb,22,186,11.859,0.88,us,us6000n8c1,2024-08-23T18:02:34.040Z,"northern East Pacific Rise",earthquake,8.7,1.909,0.128,18,reviewed,us,us
2024-06-12T02:55:06.200Z,14.8286,-90.4539,14.709,4.9,mww,46,67,0.298,0.91,us,us7000mrv6,2025-07-08T22:54:49.016Z,"5 km N of San Pedro Ayampuc, Guatemala",earthquake,2.35,4.448,0.069,20,reviewed,us,us
2024-06-12T03:48:16.286Z,33.701,97.3993,10,4.9,mb,82,34,5.645,0.64,us,us7000mrvg,2024-08-23T18:03:30.040Z,"285 km N of Qamdo, China",earthquake,6.16,1.857,0.047,143,reviewed,us,us
2024-06-12T05:35:31.098Z,42.0421,142.5186,68.507,4.7,mb,76,95,0.477,0.74,us,us7000mrvt,2024-08-23T18:03:31.040Z,"25 km WSW of Urakawa, Japan",earthquake,7.63,3.005,0.043,162,reviewed,us,us
2024-06-12T08:31:33.251Z,-18.9126,169.4001,258.498,4.5,mb,54,79,4.11,0.78,us,us7000mrwd,2024-08-23T18:03:32.040Z,"70 km N of Isangel, Vanuatu",earthquake,9.47,7.411,0.073,55,reviewed,us,us
2024-06-12T09:52:04.585Z,18.236,145.2537,453.5,4.7,mb,196,114,3.022,0.51,us,us7000mrwl,2024-08-23T18:03:33.040Z,"Pagan region, Northern Mariana Islands",earthquake,11.39,8.522,0.041,177,reviewed,us,us
2024-06-12T11:03:03.033Z,-13.5835,-111.9692,10,4.6,mb,33,173,13.698,0.64,us,us6000n8bq,2024-08-23T18:02:32.040Z,"central East Pacific Rise",earthquake,17.36,1.967,0.103,28,reviewed,us,us
2024-06-12T14:07:52.435Z,8.8144,126.2809,68.978,4.7,mb,121,92,1.868,0.64,us,us7000mrxm,2024-08-23T18:03:34.040Z,"1 km WNW of Marihatag, Philippines",earthquake,8.83,6.274,0.047,135,reviewed,us,us
2024-06-12T15:33:24.082Z,-6.6831,155.1209,367.523,4.5,mb,93,94,5.508,0.63,us,us7000mrxy,2024-08-23T18:03:35.040Z,"57 km SW of Panguna, Papua New Guinea",earthquake,10.96,7.026,0.064,73,reviewed,us,us
2024-06-12T17:01:20.867Z,4.3762,126.4544,39,5.8,mww,218,23,2.814,0.61,us,us7000mrz8,2024-08-23T18:03:36.040Z,"158 km SE of Sarangani, Philippines",earthquake,5.77,1.702,0.052,35,reviewed,us,us
2024-06-12T17:58:11.451Z,-15.2538,66.9668,10,4.5,mb,13,84,40.704,1.13,us,us6000n8bs,2024-08-23T18:02:33.040Z,"Mid-Indian Ridge",earthquake,12.98,1.879,0.204,7,reviewed,us,us
2024-06-12T18:10:59.009Z,-2.9337,130.2509,10,4.7,mb,106,54,1.995,0.71,us,us7000mrzx,2024-08-23T18:03:37.040Z,"148 km ENE of Masohi, Indonesia",earthquake,6.1,1.801,0.056,98,reviewed,us,us
2024-06-12T18:22:53.663Z,-15.0411,66.9753,10,4.6,mb,34,133,45.823,0.56,us,us6000n8bu,2024-08-23T18:02:33.040Z,"Mid-Indian Ridge",earthquake,13.43,1.864,0.141,15,reviewed,us,us
2024-06-12T18:28:38.280Z,-15.0951,66.8267,10,4.6,mb,52,70,39.831,0.4,us,us6000n8bv,2024-08-23T18:02:34.040Z,"Mid-Indian Ridge",earthquake,14.45,1.823,0.101,29,reviewed,us,us
2024-06-12T19:19:10.899Z,35.9745,27.9542,61.368,4.7,mww,187,55,0.274,0.62,us,us7000ms04,2025-05-13T23:14:25.915Z,"14 km SSW of Lárdos, Greece",earthquake,2.8,4.574,0.068,21,reviewed,us,us
2024-06-13T02:29:50.433Z,-5.7518,145.9931,74.123,4.5,mb,67,115,3.809,0.81,us,us7000ms22,2024-08-23T18:03:40.040Z,"61 km NNE of Kainantu, Papua New Guinea",earthquake,8.67,7.421,0.077,50,reviewed,us,us
2024-06-13T04:13:26.250Z,-18.936,-172.7715,10,5,mb,43,79,2.695,1.28,us,us7000ms2f,2024-08-23T18:03:42.040Z,"131 km ESE of Neiafu, Tonga",earthquake,7,1.877,0.106,28,reviewed,us,us
2024-06-13T04:19:20.464Z,-24.2648,179.9984,511.147,4.5,mb,43,79,5.295,0.9,us,us7000ms2i,2024-08-23T18:03:42.040Z,"south of the Fiji Islands",earthquake,12.85,8.228,0.095,32,reviewed,us,us
2024-06-13T04:40:40.451Z,-22.8445,-177.0696,168.11,4.5,mb,26,118,2.403,1.03,us,us6000n8ab,2024-08-23T18:02:20.040Z,"260 km SW of Houma, Tonga",earthquake,11.73,8.239,0.127,18,reviewed,us,us
2024-06-13T05:30:07.633Z,55.5601,162.6666,49.606,4.9,mww,108,98,3.464,0.77,us,us7000ms2s,2024-08-23T18:03:42.040Z,"75 km S of Ust’-Kamchatsk Staryy, Russia",earthquake,8.03,4.837,0.093,11,reviewed,us,us
2024-06-13T07:40:37.510Z,49.491,153.4444,192.846,4.5,mb,79,135,4.499,0.44,us,us7000ms38,2024-08-23T18:03:43.040Z,"232 km SW of Severo-Kuril’sk, Russia",earthquake,12.1,8.748,0.065,69,reviewed,us,us
2024-06-13T08:39:29.567Z,-25.5835,-116.0129,10,4.5,mb,19,164,39.23,0.39,us,us6000n8c4,2024-08-23T18:02:35.040Z,"southern East Pacific Rise",earthquake,16.52,1.899,0.135,16,reviewed,us,us
2024-06-13T10:23:05.511Z,12.644,144.2593,17.351,5.1,mww,100,30,1.111,0.71,us,us7000ms3s,2026-05-29T20:48:56.449Z,"81 km SSW of Merizo Village, Guam",earthquake,5.62,3.507,0.086,13,reviewed,us,us
2024-06-13T11:17:29.119Z,12.5669,144.207,10,4.6,mb,27,86,1.203,0.79,us,us6000n8c7,2024-08-23T18:02:35.040Z,"92 km SSW of Merizo Village, Guam",earthquake,8.02,1.909,0.151,13,reviewed,us,us
2024-06-13T11:38:09.080Z,28.3842,53.0169,10,4.6,mb,59,50,4.456,0.49,us,us7000ms44,2024-08-23T18:03:45.040Z,"67 km SE of Fīrūzābād, Iran",earthquake,8.98,1.833,0.052,109,reviewed,us,us
2024-06-13T12:03:50.744Z,-18.6367,-173.53,10,4.5,mb,24,153,2.971,0.93,us,us6000n8c8,2024-08-23T18:02:36.040Z,"47 km E of Neiafu, Tonga",earthquake,9.88,1.891,0.145,14,reviewed,us,us
2024-06-13T13:49:11.399Z,57.7909,-155.6235,88.2,4.6,mww,,,,0.76,ak,ak0247l3pf99,2024-08-23T18:03:46.040Z,"73 km WNW of Karluk, Alaska",earthquake,,0.1,,,reviewed,ak,ak
2024-06-13T14:04:57.863Z,52.7504,-175.6235,235.321,4.6,mb,82,72,0.709,0.55,us,us7000ms55,2024-08-23T18:03:46.040Z,"114 km WNW of Atka, Alaska",earthquake,8.5,6.382,0.032,295,reviewed,us,us
2024-06-13T15:35:15.569Z,-7.5433,127.705,155.338,4.8,mb,75,32,3.713,0.79,us,us7000ms5e,2024-08-23T18:03:47.040Z,"133 km NE of Lospalos, Timor Leste",earthquake,7.49,5.473,0.051,119,reviewed,us,us
2024-06-13T17:12:53.838Z,-22.7636,-176.6699,124.612,5.1,mww,75,62,2.104,0.71,us,us7000ms7h,2024-08-23T18:03:48.040Z,"226 km SW of Houma, Tonga",earthquake,9.52,5.271,0.086,13,reviewed,us,us
2024-06-13T19:44:01.649Z,5.5951,125.9799,111.276,4.5,mb,67,110,1.518,0.92,us,us7000ms8p,2024-08-23T18:03:51.040Z,"51 km SE of Caburan, Philippines",earthquake,7.75,7.294,0.063,73,reviewed,us,us
2024-06-13T21:38:02.427Z,18.7091,146.634,35,4.8,mb,95,62,3.542,0.63,us,us7000ms9a,2024-08-23T18:03:51.040Z,"Pagan region, Northern Mariana Islands",earthquake,10.27,1.858,0.048,134,reviewed,us,us
2024-06-13T21:45:27.830Z,8.919,126.4202,61.539,4.8,mb,71,89,2.017,0.59,us,us7000ms9b,2024-08-23T18:03:52.040Z,"12 km ENE of Aras-asan, Philippines",earthquake,7.55,4.874,0.043,170,reviewed,us,us
2024-06-13T22:46:49.821Z,-8.7048,-76.0219,10,5,mb,84,72,2.82,0.77,us,us7000ms9k,2024-08-23T18:03:52.040Z,"55 km ESE of Uchiza, Peru",earthquake,8.65,1.806,0.036,244,reviewed,us,us
2024-06-13T23:45:54.482Z,-19.8405,-175.5594,142.52,4.8,mb,90,41,1.364,0.7,us,us7000ms9q,2024-08-23T18:03:53.040Z,"126 km W of Pangai, Tonga",earthquake,10.26,4.904,0.032,298,reviewed,us,us
2024-06-14T01:05:30.148Z,-10.7485,164.1733,10,4.6,mb,34,120,4.36,0.76,us,us7000msa1,2024-08-23T18:03:54.040Z,"177 km W of Lata, Solomon Islands",earthquake,6.3,1.862,0.08,52,reviewed,us,us
2024-06-14T04:26:48.660Z,-30.9404,-13.4721,10,5.9,mww,111,30,6.187,0.85,us,us7000msb0,2024-08-23T18:03:54.040Z,"southern Mid-Atlantic Ridge",earthquake,9.59,1.734,0.05,39,reviewed,us,us
2024-06-14T05:39:43.860Z,-1.8879,100.3445,61.34,4.8,mb,48,132,3.582,0.77,us,us7000msbe,2024-08-23T18:03:55.040Z,"85 km E of Tuapejat, Indonesia",earthquake,6.07,8.102,0.086,42,reviewed,us,us
2024-06-14T08:18:47.228Z,2.1735,128.1289,168.946,4.5,mb,52,77,1.587,0.8,us,us7000msbm,2024-08-23T18:03:56.040Z,"50 km NNE of Tobelo, Indonesia",earthquake,10.19,6.033,0.07,59,reviewed,us,us
2024-06-14T09:28:11.194Z,-31.2116,-13.4498,10,5.3,mb,69,63,5.917,0.5,us,us7000msbz,2024-08-23T18:03:56.040Z,"southern Mid-Atlantic Ridge",earthquake,9.09,1.823,0.076,58,reviewed,us,us
2024-06-14T09:29:31.960Z,-31.1665,-13.577,10,5.4,mb,92,56,5.979,0.5,us,us7000msc1,2024-08-23T18:03:57.040Z,"southern Mid-Atlantic Ridge",earthquake,10.07,1.858,0.062,87,reviewed,us,us
2024-06-14T09:33:58.763Z,-31.1593,-13.307,10,4.8,mb,38,70,5.951,0.49,us,us6000n8d5,2024-08-23T18:02:42.040Z,"southern Mid-Atlantic Ridge",earthquake,11.06,1.777,0.092,36,reviewed,us,us
2024-06-14T09:50:57.874Z,-31.1918,-13.3419,10,5,mb,91,67,5.923,0.44,us,us6000n8d4,2024-08-23T18:02:41.040Z,"southern Mid-Atlantic Ridge",earthquake,10.16,1.859,0.061,86,reviewed,us,us
2024-06-14T09:51:55.823Z,-31.1899,-13.3185,10,5.9,mww,250,52,5.922,0.57,us,us7000msc3,2024-08-23T18:03:57.040Z,"southern Mid-Atlantic Ridge",earthquake,4.1,1.821,0.086,13,reviewed,us,us
2024-06-14T15:11:34.168Z,-51.4519,139.4646,10,4.5,mb,22,98,14.52,0.92,us,us7000msg3,2024-08-23T18:03:59.040Z,"western Indian-Antarctic Ridge",earthquake,13.55,1.891,0.14,17,reviewed,us,us
2024-06-14T15:30:53.898Z,-51.4579,139.3475,10,5.2,mww,34,71,12.188,1.04,us,us7000msg4,2024-08-23T18:03:59.040Z,"western Indian-Antarctic Ridge",earthquake,5.89,1.834,0.08,15,reviewed,us,us
2024-06-14T15:38:02.316Z,-51.5353,139.4703,10,5,mww,29,84,10.14,0.7,us,us7000msg6,2024-08-23T18:04:00.040Z,"western Indian-Antarctic Ridge",earthquake,7.85,1.891,0.093,11,reviewed,us,us
2024-06-14T20:09:52.243Z,-18.4914,-172.7206,10,4.6,mb,31,83,2.71,0.85,us,us6000n8d1,2024-08-23T18:02:40.040Z,"134 km E of Neiafu, Tonga",earthquake,5.97,1.878,0.095,33,reviewed,us,us
2024-06-14T20:53:01.386Z,-21.0231,-67.1627,191.763,4.5,mb,70,54,2.085,0.82,us,us7000msil,2024-08-23T18:04:03.040Z,"71 km SSW of Uyuni, Bolivia",earthquake,6.31,5.104,0.077,55,reviewed,us,us
2024-06-14T22:35:49.189Z,-18.6482,-172.8145,10,4.5,mb,22,104,2.767,0.88,us,us6000n8d2,2024-08-23T18:02:40.040Z,"123 km E of Neiafu, Tonga",earthquake,6.71,1.766,0.136,16,reviewed,us,us
2024-06-14T23:24:18.046Z,34.0454,86.3821,10,4.7,mb,109,51,6.297,0.58,us,us7000msjs,2024-08-23T18:04:06.040Z,"western Xizang",earthquake,9.12,1.796,0.06,83,reviewed,us,us
2024-06-14T23:47:44.292Z,-5.954,102.9511,26.641,4.9,mb,128,60,1.583,0.56,us,us7000msjy,2024-08-23T18:04:07.040Z,"215 km S of Pagar Alam, Indonesia",earthquake,7.9,4.418,0.054,109,reviewed,us,us
2024-06-15T05:34:14.457Z,29.6857,69.8703,10,4.5,mb,42,90,8.978,0.57,us,us7000msls,2024-08-23T18:04:10.040Z,"40 km SE of Barkhan, Pakistan",earthquake,5.46,1.88,0.102,28,reviewed,us,us
2024-06-15T05:35:44.133Z,7.8135,137.1248,10,4.6,mb,48,108,9.529,0.6,us,us6000n8a3,2024-08-23T18:02:18.040Z,"217 km SSW of Colonia, Micronesia",earthquake,10.58,1.888,0.088,38,reviewed,us,us
2024-06-15T08:35:09.800Z,-21.8403,-68.2821,108.943,4.5,mb,48,68,1.375,0.54,us,us7000msmf,2024-08-23T18:04:11.040Z,"68 km S of Ollagüe, Chile",earthquake,5.38,7.622,0.084,42,reviewed,us,us
2024-06-15T11:50:12.113Z,-23.5097,-66.7774,190.924,4.5,mb,33,73,2.694,1.09,us,us7000msmy,2024-08-23T18:04:12.040Z,"91 km NNW of San Antonio de los Cobres, Argentina",earthquake,6.63,7.835,0.088,38,reviewed,us,us
2024-06-15T13:08:14.671Z,3.1837,127.2673,45.789,5.6,mww,119,35,2.398,0.92,us,us7000msn7,2024-08-23T18:04:13.040Z,"180 km NNW of Tobelo, Indonesia",earthquake,7.12,4.12,0.078,16,reviewed,us,us
2024-06-15T14:48:47.170Z,7.7633,137.1323,10,4.8,mb,61,95,17.581,0.72,us,us7000msnr,2024-08-23T18:04:15.040Z,"222 km SSW of Colonia, Micronesia",earthquake,8.12,1.775,0.047,137,reviewed,us,us
2024-06-15T14:59:12.021Z,27.154,143.4878,13.018,4.7,mb,48,114,1.163,0.6,us,us7000msns,2024-08-23T18:04:15.040Z,"Bonin Islands, Japan region",earthquake,10.27,4.289,0.056,98,reviewed,us,us
2024-06-15T15:17:55.734Z,-3.0257,130.0302,16.705,4.5,mb,63,45,2.218,0.64,us,us7000msnx,2024-08-23T18:04:16.040Z,"121 km ENE of Masohi, Indonesia",earthquake,5.13,3.891,0.076,54,reviewed,us,us
2024-06-15T15:31:02.395Z,-4.868,103.0097,66.241,4.7,mb,93,96,0.508,0.72,us,us7000msnz,2024-08-23T18:04:17.040Z,"96 km SSW of Pagar Alam, Indonesia",earthquake,8.42,5.114,0.064,79,reviewed,us,us
2024-06-15T17:50:48.944Z,-55.8444,-28.2852,82.189,5.4,mb,126,26,4.967,0.81,us,us7000msph,2024-08-23T18:04:18.040Z,"South Sandwich Islands region",earthquake,9.34,4.45,0.057,105,reviewed,us,us
2024-06-15T18:38:03.676Z,-40.5687,78.1155,10,5.5,mww,131,27,10.409,0.72,us,us7000mspm,2024-08-23T18:04:18.040Z,"Mid-Indian Ridge",earthquake,9.5,1.723,0.073,18,reviewed,us,us
2024-06-15T18:53:04.760Z,-40.4385,78.2503,10,4.6,mb,68,113,24.235,0.65,us,us7000mssh,2024-08-23T18:04:26.040Z,"Mid-Indian Ridge",earthquake,12.65,1.829,0.091,42,reviewed,us,us
2024-06-16T00:27:56.629Z,-60.9499,154.3353,7.727,6,mww,70,96,6.921,1,us,us7000msqt,2024-08-23T18:04:20.040Z,"west of Macquarie Island",earthquake,10.62,3.716,0.049,40,reviewed,us,us
2024-06-16T01:33:17.131Z,-3.2646,145.9187,10,4.8,mb,65,64,1.887,0.89,us,us7000msqy,2024-08-23T18:04:21.040Z,"202 km SW of Lorengau, Papua New Guinea",earthquake,4.46,1.849,0.08,55,reviewed,us,us
2024-06-16T07:27:45.513Z,-11.3588,166.3597,146.795,4.5,mb,58,101,6.59,0.31,us,us7000mss8,2024-08-23T18:04:25.040Z,"93 km SE of Lata, Solomon Islands",earthquake,11.89,7.254,0.074,53,reviewed,us,us
2024-06-16T10:16:36.236Z,35.7347,140.1584,67.391,4.5,mb,53,88,1.771,0.68,us,us7000mssq,2025-09-14T11:56:04.190Z,"6 km SW of Inba, Japan",earthquake,7.64,7.131,0.069,61,reviewed,us,us
2024-06-16T10:35:01.200Z,35.7363,140.1614,65.859,4.5,mwr,49,123,1.773,0.7,us,us7000msss,2024-08-23T18:04:27.040Z,"5 km SW of Inba, Japan",earthquake,7.39,6.731,0.089,12,reviewed,us,us
2024-06-16T11:49:04.817Z,4.8219,125.2875,58.813,4.9,mb,65,80,2.252,0.59,us,us7000mssz,2024-08-23T18:04:28.040Z,"67 km SSW of Sarangani, Philippines",earthquake,7.12,5.516,0.051,120,reviewed,us,us
2024-06-16T12:09:42.517Z,-57.7135,-25.5677,77.672,4.6,mb,41,119,7.021,0.78,us,us6000n8e6,2024-08-23T18:02:45.040Z,"South Sandwich Islands region",earthquake,12.91,7.597,0.089,39,reviewed,us,us
2024-06-16T12:58:07.518Z,-14.6907,168.1382,10,4.5,mb,25,76,6.888,1.02,us,us7000mst5,2024-08-23T18:04:29.040Z,"110 km SE of Sola, Vanuatu",earthquake,11.42,1.924,0.124,19,reviewed,us,us
2024-06-16T13:09:16.636Z,-9.4645,112.8829,59.234,4.8,mb,41,110,1.596,0.59,us,us7000mst7,2024-08-23T18:04:29.040Z,"139 km S of Dampit, Indonesia",earthquake,7.57,5.311,0.082,46,reviewed,us,us
2024-06-16T13:48:21.798Z,-20.2575,-177.6182,485.702,4.7,mb,80,46,2.436,0.67,us,us7000mstd,2024-08-23T18:04:30.040Z,"261 km WNW of Houma, Tonga",earthquake,11.58,6.43,0.028,379,reviewed,us,us
2024-06-16T14:08:13.122Z,-21.6764,-179.2058,567.87,4.8,mb,86,39,3.763,0.83,us,us7000mstf,2024-08-23T18:04:30.040Z,"Fiji region",earthquake,10.52,6.587,0.035,248,reviewed,us,us
2024-06-16T14:47:33.155Z,-15.8557,-74.4353,27,6,mww,115,65,4.499,0.93,us,us7000mstj,2024-08-23T18:04:31.040Z,"10 km SW of Atiquipa, Peru",earthquake,8.49,1.812,0.053,34,reviewed,us,us
2024-06-16T16:19:51.052Z,-18.8433,-172.7085,10,4.6,mb,23,83,2.642,0.87,us,us6000n8ea,2024-08-23T18:02:46.040Z,"136 km E of Neiafu, Tonga",earthquake,4.57,1.903,0.125,19,reviewed,us,us
2024-06-16T16:24:06.627Z,53.8877,166.763,10,4.8,mb,69,106,4.55,0.62,us,us7000msty,2024-08-23T18:04:32.040Z,"Komandorskiye Ostrova, Russia region",earthquake,8.55,1.669,0.037,231,reviewed,us,us
2024-06-16T17:13:23.308Z,-55.9196,-27.0012,47.065,4.5,mb,29,137,5.688,0.65,us,us6000n8ed,2024-08-23T18:02:46.040Z,"South Sandwich Islands region",earthquake,14.96,9.233,0.106,26,reviewed,us,us
2024-06-16T17:32:12.805Z,-1.9579,-77.695,13.734,4.5,mb,37,111,0.567,0.43,us,us7000msuc,2024-08-23T18:04:34.040Z,"41 km SE of Palora, Ecuador",earthquake,4.55,3.27,0.11,24,reviewed,us,us
2024-06-16T21:17:19.317Z,18.8224,145.6038,196.91,4.7,mb,166,41,3.566,0.67,us,us7000msvf,2024-08-23T18:04:36.040Z,"Pagan region, Northern Mariana Islands",earthquake,9.07,6.04,0.046,143,reviewed,us,us
2024-06-16T23:58:18.345Z,-21.7556,169.7827,10,4.6,mb,34,102,2.327,0.76,us,us7000msy4,2024-08-23T18:04:38.040Z,"198 km E of Tadine, New Caledonia",earthquake,9.45,1.838,0.136,16,reviewed,us,us
2024-06-17T02:58:59.417Z,-40.1544,78.5215,10,4.8,mb,45,63,28.824,0.88,us,us7000msx3,2024-08-30T18:17:09.040Z,"Mid-Indian Ridge",earthquake,11.41,1.802,0.097,33,reviewed,us,us
2024-06-17T03:34:48.693Z,2.1242,-97.5438,10,4.5,mb,37,142,14.983,0.62,us,us7000msxg,2024-08-30T18:17:09.040Z,"west of the Galapagos Islands",earthquake,14.68,1.941,0.07,60,reviewed,us,us
2024-06-17T04:47:19.930Z,26.5984,130.1792,10,4.9,mww,80,44,1.217,0.61,us,us7000msxm,2024-08-30T18:17:09.040Z,"171 km SE of Isen, Japan",earthquake,2.79,1.777,0.075,17,reviewed,us,us
2024-06-17T06:57:22.777Z,31.593,131.6399,35,4.9,mb,151,94,1.017,0.8,us,us7000msy5,2024-08-30T18:17:09.040Z,"25 km E of Nichinan, Japan",earthquake,6.1,1.474,0.04,194,reviewed,us,us
2024-06-17T07:02:35.997Z,-4.4929,153.7004,10,4.5,mb,44,103,6.775,0.29,us,us6000n8ev,2024-08-30T18:17:09.040Z,"159 km E of Kokopo, Papua New Guinea",earthquake,4.89,1.889,0.088,40,reviewed,us,us
2024-06-17T08:40:32.966Z,-3.1288,148.546,10,5.3,mww,100,46,1.597,0.53,us,us7000msyi,2024-08-30T18:17:09.040Z,"186 km SE of Lorengau, Papua New Guinea",earthquake,3.97,1.857,0.06,27,reviewed,us,us
2024-06-17T09:26:04.164Z,31.6045,131.7185,44.769,4.5,mb,58,95,1.085,0.78,us,us7000msyr,2024-08-30T18:17:09.040Z,"33 km E of Nichinan, Japan",earthquake,6.46,7.05,0.072,57,reviewed,us,us
2024-06-17T10:12:22.763Z,-15.1317,-173.0123,38.599,4.7,mb,15,143,1.702,0.42,us,us6000n8f1,2024-08-30T18:17:09.040Z,"123 km NE of Hihifo, Tonga",earthquake,7.48,10.452,0.194,8,reviewed,us,us
2024-06-17T13:10:22.013Z,-39.1557,78.5404,10,4.6,mb,23,87,41.004,0.52,us,us6000n8f0,2024-08-30T18:17:09.040Z,"Mid-Indian Ridge",earthquake,10.13,1.74,0.146,14,reviewed,us,us
2024-06-17T13:57:05.650Z,-58.6102,-152.4649,10,4.5,mb,20,105,23.55,0.7,us,us6000n8f2,2024-08-30T18:17:09.040Z,"Pacific-Antarctic Ridge",earthquake,12.05,1.876,0.163,11,reviewed,us,us
2024-06-17T14:05:10.679Z,-19.0015,-172.7677,7,5.6,mww,159,55,2.688,0.93,us,us7000mt0e,2024-08-30T18:17:09.040Z,"133 km ESE of Neiafu, Tonga",earthquake,9.72,1.767,0.08,15,reviewed,us,us
2024-06-17T14:09:45.151Z,-11.4519,166.2329,57,5.6,mww,166,16,6.498,0.6,us,us7000mt0h,2024-08-30T18:17:09.040Z,"93 km SSE of Lata, Solomon Islands",earthquake,9.19,1.866,0.066,22,reviewed,us,us
2024-06-17T20:49:59.090Z,-6.3624,146.3118,107.384,5.2,mww,111,28,3.137,0.61,us,us7000mt2v,2024-08-30T18:17:09.040Z,"50 km E of Kainantu, Papua New Guinea",earthquake,6.54,4.768,0.066,22,reviewed,us,us
2024-06-18T01:10:10.098Z,17.5494,-105.0575,10,5,mww,147,56,3.427,0.62,us,us7000mt3p,2024-08-30T18:17:09.040Z,"184 km SW of Cuyutlán, Mexico",earthquake,8,1.751,0.049,40,reviewed,us,us
2024-06-18T02:22:10.098Z,-3.8928,-76.671,106.228,5.5,mww,154,33,2.741,0.54,us,us7000mt41,2024-08-30T18:17:09.040Z,"53 km SSW of Alianza Cristiana, Peru",earthquake,7.83,3.247,0.034,83,reviewed,us,us
2024-06-18T05:22:10.270Z,-7.3045,155.2075,10,4.9,mb,28,90,5.147,0.56,us,us7000mt4d,2024-08-30T18:17:09.040Z,"113 km SSW of Panguna, Papua New Guinea",earthquake,8.89,1.885,0.063,79,reviewed,us,us
2024-06-18T06:40:41.318Z,-16.5443,-173.5952,87,5.8,mww,95,50,3.151,1.07,us,us7000mt4l,2024-08-30T18:17:09.040Z,"68 km SSE of Hihifo, Tonga",earthquake,8.07,1.863,0.056,31,reviewed,us,us
2024-06-18T07:04:44.368Z,-56.3515,-24.5801,10,4.5,mb,16,83,7.104,0.47,us,us6000n8fy,2024-08-30T18:17:09.040Z,"South Sandwich Islands region",earthquake,12.28,1.924,0.151,14,reviewed,us,us
2024-06-18T09:51:26.444Z,-31.7154,-178.4793,46.563,5.1,mb,75,48,2.492,1.17,us,us7000mt55,2024-08-30T18:17:09.040Z,"Kermadec Islands region",earthquake,3.88,5.276,0.058,97,reviewed,us,us
2024-06-18T09:54:49.077Z,35.1924,58.5136,10,4.9,mb,88,58,2.75,1.05,us,us7000mt58,2024-08-30T18:17:09.040Z,"6 km SE of Kāshmar, Iran",earthquake,7.07,1.783,0.044,161,reviewed,us,us
2024-06-18T12:16:18.594Z,-0.8428,67.3402,10,4.5,mb,42,52,5.808,0.56,us,us6000n8fz,2024-08-30T18:17:08.040Z,"Carlsberg Ridge",earthquake,10.54,1.87,0.096,33,reviewed,us,us
2024-06-18T13:42:54.567Z,35.1736,87.5162,10,4.5,mb,61,59,7.594,1.05,us,us7000mt6f,2024-08-30T18:17:08.040Z,"western Xizang",earthquake,7.47,1.874,0.072,60,reviewed,us,us
2024-06-18T14:01:05.080Z,-22.6074,-174.0291,10,4.6,mb,48,116,1.799,0.94,us,us6000n8g7,2024-08-30T18:17:08.040Z,"169 km SE of ‘Ohonua, Tonga",earthquake,10.63,1.835,0.083,48,reviewed,us,us
2024-06-18T15:47:39.633Z,-16.823,-70.9235,94.56,4.7,mb,95,92,1.576,0.45,us,us7000mt6w,2024-08-30T18:17:08.040Z,"9 km SSW of Quinistaquillas, Peru",earthquake,9.35,5.632,0.055,114,reviewed,us,us
2024-06-18T17:11:01.492Z,-2.1885,-77.2246,144.004,4.6,mb,113,51,1.057,0.77,us,us7000mt8i,2024-08-30T18:17:08.040Z,"98 km ESE of Palora, Ecuador",earthquake,5.4,4.764,0.061,80,reviewed,us,us
2024-06-18T20:16:54.452Z,-61.388,161.3284,10,4.5,mb,17,159,7.025,0.91,us,us6000n8ga,2024-08-30T18:17:08.040Z,"Balleny Islands region",earthquake,6.21,1.951,0.156,12,reviewed,us,us
2024-06-18T21:12:44.620Z,-25.3371,-176.4534,42.092,4.5,mb,12,138,4.121,0.8,us,us6000n8gc,2024-08-30T18:17:08.040Z,"south of the Fiji Islands",earthquake,10.63,10.732,0.205,7,reviewed,us,us
2024-06-18T21:42:34.214Z,-18.908,168.8633,103.665,5,mb,121,110,3.768,0.71,us,us7000mtap,2024-08-30T18:17:08.040Z,"82 km NNW of Isangel, Vanuatu",earthquake,9.79,5.881,0.057,100,reviewed,us,us
2024-06-19T00:48:13.943Z,-13.3289,-76.654,53.481,4.5,mb,20,158,1.346,0.69,us,us7000mtbv,2024-08-30T18:17:08.040Z,"40 km SW of San Vicente de Cañete, Peru",earthquake,8.79,9.03,0.221,6,reviewed,us,us
2024-06-19T04:17:38.705Z,34.893,70.2122,70.226,4.8,mb,103,40,3.88,0.53,us,us7000mtch,2024-08-30T18:17:08.040Z,"24 km N of Mehtar Lām, Afghanistan",earthquake,9.28,4.909,0.041,183,reviewed,us,us
2024-06-19T10:08:00.224Z,-56.6485,-25.4515,8.925,5.3,mww,80,69,6.708,0.51,us,us7000mtdy,2024-08-30T18:17:08.040Z,"South Sandwich Islands region",earthquake,11.06,4.804,0.098,10,reviewed,us,us
2024-06-19T13:03:44.335Z,-8.2476,119.5232,178.258,4.5,mb,35,85,1.821,0.53,us,us7000mteu,2024-08-30T18:17:08.040Z,"37 km N of Komodo, Indonesia",earthquake,7.72,7.792,0.108,25,reviewed,us,us
2024-06-19T15:04:45.288Z,-40.1191,78.4892,10,4.9,mb,65,54,10.94,0.47,us,us7000mtfj,2024-08-30T18:17:08.040Z,"Mid-Indian Ridge",earthquake,11.06,1.865,0.075,55,reviewed,us,us
2024-06-19T16:14:47.312Z,6.7872,147.8847,10,4.6,mb,29,147,7.382,0.56,us,us6000n8l3,2024-08-30T18:17:08.040Z,"State of Yap, Federated States of Micronesia",earthquake,13.19,1.904,0.125,19,reviewed,us,us
2024-06-19T16:34:50.594Z,-22.8899,-174.3693,10,4.8,mb,19,91,5.623,1.15,us,us6000n8l4,2024-08-30T18:17:08.040Z,"181 km SSE of ‘Ohonua, Tonga",earthquake,5.3,1.911,0.176,10,reviewed,us,us
2024-06-19T19:27:46.084Z,-3.5909,99.508,10,4.6,mb,90,69,3.523,0.7,us,us7000mtgv,2024-08-30T18:17:08.040Z,"173 km S of Tuapejat, Indonesia",earthquake,5.67,1.804,0.071,59,reviewed,us,us
2024-06-19T20:28:55.227Z,-9.2833,106.6125,10,4.6,mb,59,93,1.474,0.73,us,us7000mthe,2024-08-30T18:17:08.040Z,"247 km SSW of Banjar, Indonesia",earthquake,3.57,1.792,0.091,36,reviewed,us,us
2024-06-19T22:47:54.998Z,-56.4392,-54.4487,10,4.5,mb,27,94,5.226,0.9,us,us6000n8l8,2024-08-30T18:17:08.040Z,"Scotia Sea",earthquake,10.65,1.889,0.124,19,reviewed,us,us
2024-06-20T03:22:54.159Z,-19.0327,169.4164,250.719,4.8,mb,96,107,4.01,0.79,us,us7000mtj4,2024-08-30T18:17:08.040Z,"58 km NNE of Isangel, Vanuatu",earthquake,8.51,6.935,0.061,85,reviewed,us,us
2024-06-20T05:37:57.894Z,40.2399,142.4108,49.404,4.7,mb,107,137,1.164,0.56,us,us7000mtjg,2024-08-30T18:17:08.040Z,"52 km ENE of Noda, Japan",earthquake,8.83,7.253,0.059,86,reviewed,us,us
2024-06-20T09:28:59.692Z,13.3436,118.6784,10,4.6,mb,31,103,9.878,0.59,us,us6000n8nc,2024-08-30T18:17:07.040Z,"160 km WSW of Cabra, Philippines",earthquake,9.76,1.93,0.141,15,reviewed,us,us
2024-06-20T11:36:08.905Z,40.1118,77.7976,10,5,mb,103,60,1.532,1.01,us,us7000mtkg,2024-08-30T18:17:07.040Z,"111 km WNW of Tumxuk, China",earthquake,3.55,1.763,0.038,218,reviewed,us,us
2024-06-20T11:48:51.848Z,-14.9008,167.1059,101.891,4.5,mb,43,84,6.228,0.74,us,us7000mtkk,2024-08-30T18:17:07.040Z,"16 km NNE of Port-Olry, Vanuatu",earthquake,8.19,7.533,0.109,32,reviewed,us,us
2024-06-20T13:30:43.583Z,-60.1964,-28.0714,10,4.6,mb,18,173,7.477,0.88,us,us7000mtld,2024-08-30T18:17:07.040Z,"South Sandwich Islands region",earthquake,13.19,1.942,0.151,13,reviewed,us,us
2024-06-20T14:10:40.461Z,-49.2745,120.3578,10,4.7,mb,28,97,16.496,0.49,us,us7000mtlc,2024-08-30T18:17:07.040Z,"western Indian-Antarctic Ridge",earthquake,7.09,1.831,0.117,22,reviewed,us,us
2024-06-20T15:13:30.875Z,-62.9742,-164.7513,10,4.5,mb,15,174,17.364,0.63,us,us6000n8ni,2024-08-30T18:17:07.040Z,"Pacific-Antarctic Ridge",earthquake,18.72,1.94,0.136,17,reviewed,us,us
2024-06-20T17:24:01.756Z,51.7218,-176.1748,58.819,4.6,mwr,106,129,0.201,0.7,us,us7000mtm3,2024-08-30T18:17:07.040Z,"35 km ESE of Adak, Alaska",earthquake,5.13,4.943,0.089,12,reviewed,us,us
2024-06-20T18:52:39.886Z,-24.0865,-178.7874,364.812,4.8,mb,75,73,5.195,0.67,us,us7000mtmq,2024-08-30T18:17:07.040Z,"south of the Fiji Islands",earthquake,10.51,5.056,0.046,149,reviewed,us,us
2024-06-20T20:58:09.526Z,46.2561,152.9482,10,4.5,mb,55,136,7.053,0.93,us,us7000mtnn,2024-08-30T18:17:07.040Z,"Kuril Islands",earthquake,8.1,1.732,0.068,64,reviewed,us,us
2024-06-20T23:32:51.284Z,-15.1132,-173.5562,10,4.5,mb,20,64,2.094,0.48,us,us6000n8nq,2024-08-30T18:17:07.040Z,"96 km NNE of Hihifo, Tonga",earthquake,11.6,1.87,0.18,9,reviewed,us,us
2024-06-21T00:11:17.451Z,-3.5436,139.8835,77.081,5,mb,82,29,1.309,0.74,us,us7000mtpd,2024-08-30T18:17:07.040Z,"133 km SW of Abepura, Indonesia",earthquake,7.93,4.918,0.049,134,reviewed,us,us
2024-06-21T00:17:25.700Z,-21.2341,68.3492,10,4.8,mb,35,84,4.894,0.76,us,us6000n8vm,2024-08-30T18:17:07.040Z,"Mid-Indian Ridge",earthquake,11.51,1.887,0.111,25,reviewed,us,us
2024-06-21T00:41:25.355Z,13.9064,144.8249,142.138,4.5,mb,23,63,0.318,0.4,us,us6000n8vn,2024-08-30T18:17:07.040Z,"41 km N of Yigo Village, Guam",earthquake,10.04,4.302,0.157,12,reviewed,us,us
2024-06-21T05:23:18.616Z,36.4833,141.0521,57.984,4.5,mb,29,155,2.291,0.56,us,us7000mtqy,2025-09-14T17:35:18.975Z,"38 km ESE of Hitachi, Japan",earthquake,9.18,8.872,0.131,17,reviewed,us,us
2024-06-21T06:09:22.995Z,34.9282,23.4645,36.758,4.8,mb,67,176,1.223,1.01,us,us7000mtr5,2024-08-30T18:17:07.040Z,"39 km SSW of Palaióchora, Greece",earthquake,7.83,7.158,0.052,115,reviewed,us,us
2024-06-21T06:38:17.827Z,-7.826,118.2574,195.917,4.5,mb,22,126,1.103,0.7,us,us7000mtr8,2024-08-30T18:17:07.040Z,"81 km NNW of Dompu, Indonesia",earthquake,11.71,7.383,0.135,16,reviewed,us,us
2024-06-21T12:12:40.385Z,51.0669,-179.1001,35,4.8,mww,99,81,0.519,0.95,us,us7000mtsd,2024-08-30T18:17:07.040Z,"193 km WSW of Adak, Alaska",earthquake,3.81,1.728,0.073,18,reviewed,us,us
2024-06-21T14:17:36.200Z,-15.1604,167.4395,128.935,4.8,mb,89,49,6.144,0.71,us,us7000mtsr,2024-08-30T18:17:07.040Z,"41 km ESE of Port-Olry, Vanuatu",earthquake,9.35,6.295,0.055,103,reviewed,us,us
2024-06-21T19:03:07.615Z,8.4795,126.9757,46.522,4.7,mb,128,95,1.969,0.66,us,us7000mttp,2024-08-30T18:17:07.040Z,"69 km ENE of Barcelona, Philippines",earthquake,9.16,3.032,0.044,172,reviewed,us,us
2024-06-21T19:09:13.416Z,1.4602,127.158,122.399,4.6,mb,130,85,4.714,0.66,us,us7000mttt,2024-08-30T18:17:07.040Z,"78 km NNW of Ternate, Indonesia",earthquake,8.18,6.364,0.053,125,reviewed,us,us
2024-06-21T19:14:25.452Z,-19.3856,175.2107,14.602,5,mww,99,92,3.151,0.86,us,us7000mttv,2024-08-30T18:17:07.040Z,"278 km WSW of Sigatoka, Fiji",earthquake,8.82,2.745,0.062,25,reviewed,us,us
2024-06-21T20:53:09.775Z,0.769,-26.1428,10,5.5,mww,137,25,11.742,0.68,us,us7000mtur,2024-08-30T18:17:07.040Z,"central Mid-Atlantic Ridge",earthquake,9.24,1.799,0.046,46,reviewed,us,us
2024-06-21T22:51:55.895Z,-5.1588,152.5132,40.831,4.8,mb,68,91,0.99,0.69,us,us7000mtvb,2024-08-30T18:17:07.040Z,"94 km SSE of Kokopo, Papua New Guinea",earthquake,9.29,5.838,0.079,49,reviewed,us,us
2024-06-21T23:53:15.771Z,-2.691,128.8609,22.913,4.5,mb,32,51,3.009,0.51,us,us6000n8w4,2024-08-30T18:17:07.040Z,"68 km N of Masohi, Indonesia",earthquake,8.11,5.685,0.102,28,reviewed,us,us
2024-06-22T00:33:34.828Z,36.2412,141.5692,28.951,4.6,mb,94,130,2.728,0.7,us,us7000mtvq,2024-08-30T18:17:07.040Z,"87 km NE of Hasaki, Japan",earthquake,6.81,5.404,0.067,66,reviewed,us,us
2024-06-22T00:34:09.959Z,-17.5345,-172.8417,10,5.2,mww,63,65,3.165,1.17,us,us7000mtvr,2024-08-30T18:17:07.040Z,"172 km NE of Neiafu, Tonga",earthquake,8.04,1.862,0.098,10,reviewed,us,us
2024-06-22T00:38:03.188Z,14.2734,-91.6358,69.656,4.5,mb,93,87,0.295,0.67,us,us7000mtvs,2024-08-30T18:17:07.040Z,"27 km SSW of San Lorenzo, Guatemala",earthquake,8.31,4.775,0.051,114,reviewed,us,us
2024-06-22T00:41:54.636Z,13.937,124.9953,10,5.1,mww,197,23,6.848,0.74,us,us7000mtvu,2024-08-30T18:17:06.040Z,"67 km ENE of Gigmoto, Philippines",earthquake,8.03,1.753,0.062,25,reviewed,us,us
2024-06-22T01:07:00.064Z,15.342,-94.487,49.008,4.9,mww,101,92,1.275,0.87,us,us7000mtvy,2024-08-30T18:17:06.040Z,"97 km SSW of La Gloria, Mexico",earthquake,5.84,5.326,0.063,24,reviewed,us,us
2024-06-22T03:12:32.775Z,11.5477,139.0649,10,4.6,mb,29,146,14.064,0.87,us,us6000n8wz,2024-08-30T18:17:06.040Z,"247 km NNE of Colonia, Micronesia",earthquake,10.3,1.827,0.128,18,reviewed,us,us
2024-06-22T05:18:02.695Z,-58.551,149.3182,10,4.5,mb,15,112,6.693,0.9,us,us6000n8x3,2024-08-30T18:17:06.040Z,"west of Macquarie Island",earthquake,10.58,1.954,0.15,13,reviewed,us,us
2024-06-22T07:26:39.500Z,-15.8958,-74.4024,31.797,4.6,mb,27,143,4.55,0.65,us,us7000mtxe,2024-08-30T18:17:06.040Z,"11 km SSW of Atiquipa, Peru",earthquake,9.16,4.894,0.105,27,reviewed,us,us
2024-06-22T07:45:57.549Z,-6.9973,-13.181,10,4.9,mb,34,63,1.494,0.76,us,us7000mtxp,2024-08-30T18:17:06.040Z,"170 km NE of Georgetown, Saint Helena",earthquake,8.12,1.865,0.104,29,reviewed,us,us
2024-06-22T09:13:20.477Z,-2.8186,129.5288,10,4.5,mb,27,69,1.733,0.52,us,us7000mty7,2024-08-30T18:17:06.040Z,"81 km NE of Masohi, Indonesia",earthquake,7.5,1.91,0.115,22,reviewed,us,us
2024-06-22T09:24:01.783Z,-2.8347,129.5274,10,4.8,mb,46,64,1.718,1.05,us,us7000mtxu,2024-08-30T18:17:06.040Z,"80 km NE of Masohi, Indonesia",earthquake,8.55,1.883,0.073,58,reviewed,us,us
2024-06-22T09:25:19.699Z,-30.1064,-177.1922,10,4.6,mb,29,126,1.053,0.64,us,us6000n8x7,2024-08-30T18:17:06.040Z,"Kermadec Islands, New Zealand",earthquake,3.98,1.86,0.11,27,reviewed,us,us
2024-06-22T09:56:08.553Z,-2.7893,129.5468,10,4.6,mb,35,64,1.758,1.11,us,us7000mty4,2024-08-30T18:17:06.040Z,"85 km NE of Masohi, Indonesia",earthquake,5.41,1.776,0.099,30,reviewed,us,us
2024-06-22T10:05:06.728Z,-15.998,-172.5409,10,4.6,mb,19,103,2.203,0.61,us,us6000n8xa,2024-08-30T18:17:06.040Z,"134 km E of Hihifo, Tonga",earthquake,8.86,1.904,0.157,12,reviewed,us,us
2024-06-22T14:49:33.555Z,13.8927,144.7869,145.605,4.6,mb,28,80,0.312,0.6,us,us6000n8xc,2024-08-30T18:17:06.040Z,"40 km NNW of Yigo Village, Guam",earthquake,7.92,4.083,0.117,22,reviewed,us,us
2024-06-22T15:27:23.660Z,-14.3102,167.2796,208.604,4.5,mb,56,130,6.831,0.72,us,us7000mtys,2024-08-30T18:17:06.040Z,"56 km SSW of Sola, Vanuatu",earthquake,10.61,6.297,0.085,44,reviewed,us,us
2024-06-22T15:35:08.461Z,-56.1038,-27.5542,121.399,4.9,mb,114,43,5.433,0.65,us,us7000mtyw,2024-08-30T18:17:06.040Z,"South Sandwich Islands region",earthquake,8.92,3.936,0.064,80,reviewed,us,us
2024-06-22T16:09:23.654Z,5.1831,125.9944,10.544,4.5,mb,23,127,1.919,0.81,us,us6000n8xe,2024-08-30T18:17:06.040Z,"63 km ESE of Sarangani, Philippines",earthquake,8.79,3.639,0.139,15,reviewed,us,us
2024-06-22T16:38:42.589Z,-21.2885,-67.7601,166.578,4.5,mb,75,60,1.469,0.8,us,us7000mtz5,2024-08-30T18:17:06.040Z,"51 km E of Ollagüe, Chile",earthquake,5.29,5.259,0.07,64,reviewed,us,us
2024-06-22T17:38:49.423Z,-16.0163,-174.0528,148.535,4.6,mb,102,59,3.034,0.72,us,us7000mtzk,2024-08-30T18:17:06.040Z,"28 km WSW of Hihifo, Tonga",earthquake,9.08,4.939,0.058,99,reviewed,us,us
2024-06-22T18:41:06.056Z,-19.8524,-176.2393,219.785,4.5,mb,69,88,6.005,0.7,us,us7000mtzv,2024-08-30T18:17:06.040Z,"175 km NNW of Houma, Tonga",earthquake,11.35,5.353,0.07,66,reviewed,us,us
2024-06-22T20:46:45.321Z,-15.8742,-74.4656,23.656,5.2,mww,61,90,4.5,0.82,us,us7000mu0g,2024-08-30T18:17:06.040Z,"13 km SW of Atiquipa, Peru",earthquake,9.55,4.462,0.078,16,reviewed,us,us
2024-06-22T22:11:35.718Z,6.6853,126.5631,71.358,4.6,mb,21,163,1.049,0.68,us,us6000n8xj,2024-08-30T18:17:06.040Z,"32 km SE of Bobon, Philippines",earthquake,11.42,9.557,0.125,19,reviewed,us,us
2024-06-23T03:12:06.264Z,37.0639,141.2412,46.707,4.7,mwr,99,120,1.906,0.68,us,us7000mu1d,2025-09-14T17:42:39.885Z,"31 km E of Iwaki, Japan",earthquake,6.24,5.244,0.086,13,reviewed,us,us
2024-06-23T03:57:58.918Z,10.6921,-62.6868,77,6,mww,124,36,1.753,1.09,us,us7000mu1p,2024-08-30T18:17:06.040Z,"20 km NE of Yaguaraparo, Venezuela",earthquake,8.23,1.891,0.035,78,reviewed,us,us
2024-06-23T04:50:53.444Z,4.7844,127.7135,79.482,4.9,mb,72,85,3.108,0.94,us,us7000mu2i,2024-08-30T18:17:06.040Z,"243 km SE of Pondaguitan, Philippines",earthquake,8.28,7.083,0.065,76,reviewed,us,us
2024-06-23T07:45:39.587Z,53.5035,158.754,125.034,5.2,mww,109,42,0.485,0.76,us,us7000mu31,2024-08-30T18:17:06.040Z,"42 km NE of Yelizovo, Russia",earthquake,8.32,4.193,0.047,43,reviewed,us,us
2024-06-23T09:08:52.583Z,-17.3413,-176.6228,10,5,mww,17,82,3.93,1.22,us,us6000n8y3,2024-08-30T18:17:06.040Z,"Fiji region",earthquake,10.06,1.863,0.098,10,reviewed,us,us
2024-06-23T12:40:15.885Z,34.0597,86.4306,10,4.8,mb,64,49,6.317,1,us,us7000mu41,2024-08-30T18:17:06.040Z,"western Xizang",earthquake,9.15,1.867,0.055,103,reviewed,us,us
2024-06-23T13:32:37.013Z,8.7823,126.7582,50.136,4.6,mb,39,93,2.064,0.72,us,us6000n8y5,2024-08-30T18:17:06.040Z,"50 km ESE of Aras-asan, Philippines",earthquake,10.18,7.445,0.1,30,reviewed,us,us
2024-06-23T13:54:25.714Z,35.6035,140.0373,70.113,4.5,mb,45,107,1.752,0.78,us,us7000mu4d,2024-08-30T18:17:06.040Z,"5 km SSW of Kemigawa, Japan",earthquake,7.04,7.063,0.106,26,reviewed,us,us
2024-06-23T14:27:09.391Z,23.7895,121.6388,24.293,5,mww,81,56,0.385,0.91,us,us7000mu4k,2024-08-30T18:17:06.040Z,"21 km S of Hualien City, Taiwan",earthquake,4.14,4.018,0.078,16,reviewed,us,us
2024-06-23T17:16:17.185Z,16.6693,-99.4449,15.036,5.3,mww,81,163,1.223,0.66,us,us7000mu56,2024-08-30T18:17:05.040Z,"12 km SE of Llano de la Puerta, Mexico",earthquake,7.75,3.668,0.041,56,reviewed,us,us
2024-06-23T20:28:04.985Z,7.5184,-82.342,10,4.6,mwr,60,141,1.313,0.9,us,us7000mu61,2024-08-30T18:17:05.040Z,"78 km S of Boca Chica, Panama",earthquake,7.12,1.896,0.073,18,reviewed,us,us
2024-06-23T22:58:45.433Z,1.9554,128.4441,72.942,4.7,mb,98,100,3.979,0.63,us,us7000mu6g,2024-08-30T18:17:05.040Z,"54 km ENE of Tobelo, Indonesia",earthquake,8.93,7.27,0.061,82,reviewed,us,us
2024-06-24T00:25:21.049Z,-31.6262,-177.2159,10,4.9,mb,49,63,2.434,0.9,us,us7000mu6r,2024-09-04T21:57:39.040Z,"Kermadec Islands region",earthquake,10.53,1.813,0.096,34,reviewed,us,us
2024-06-24T01:41:15.099Z,-19.2229,169.6837,10,4.8,mb,39,81,3.968,0.49,us,us7000mu79,2024-09-04T21:57:39.040Z,"55 km NE of Isangel, Vanuatu",earthquake,5.61,1.835,0.107,27,reviewed,us,us
2024-06-24T01:41:58.088Z,-19.099,169.66,10,4.6,mb,27,110,4.063,0.85,us,us6000n9mz,2024-09-04T21:57:39.040Z,"63 km NE of Isangel, Vanuatu",earthquake,9.79,1.88,0.119,21,reviewed,us,us
2024-06-24T02:00:08.928Z,32.4694,142.4758,9.747,4.7,mww,116,28,2.333,0.59,us,us7000mu7g,2024-09-04T21:57:39.040Z,"Izu Islands, Japan region",earthquake,4.31,3.011,0.08,15,reviewed,us,us
2024-06-24T05:04:36.664Z,12.2103,125.4493,35,4.8,mb,91,112,11.801,0.73,us,us7000mu87,2024-09-04T21:57:39.040Z,"3 km WSW of Alugan, Philippines",earthquake,10.3,1.873,0.06,86,reviewed,us,us
2024-06-24T05:36:08.386Z,40.9206,84.2487,10,4.6,mb,78,110,4.282,0.61,us,us7000mu88,2024-09-04T21:57:39.040Z,"141 km SE of Kuqa, China",earthquake,3.93,1.881,0.059,85,reviewed,us,us
2024-06-24T08:03:37.383Z,-14.6255,167.2426,149,6.3,mww,209,32,6.532,0.46,us,us7000mu8s,2024-10-08T23:22:11.860Z,"49 km NNE of Port-Olry, Vanuatu",earthquake,6.07,1.925,0.033,90,reviewed,us,us
2024-06-24T08:54:37.077Z,-7.5881,68.2427,10,4.7,mb,35,54,4.178,0.63,us,us6000n9mi,2024-09-04T21:57:39.040Z,"Chagos Archipelago region",earthquake,9.29,1.806,0.114,23,reviewed,us,us
2024-06-24T09:55:00.563Z,-7.0643,129.9588,87.686,5.4,mww,115,21,2.526,0.76,us,us7000mua7,2024-09-04T21:57:39.040Z,"Kepulauan Babar, Indonesia",earthquake,5.92,4.497,0.093,11,reviewed,us,us
2024-06-24T10:11:27.655Z,-29.3649,-179.0601,328.539,4.6,mb,35,95,0.995,0.39,us,us6000n9mj,2024-09-04T21:57:39.040Z,"Kermadec Islands region",earthquake,14.56,6.14,0.117,22,reviewed,us,us
2024-06-24T10:41:35.578Z,-15.3482,-174.3714,10,4.6,mb,29,55,2.886,1.11,us,us6000n9ml,2024-09-04T21:57:39.040Z,"91 km NW of Hihifo, Tonga",earthquake,10.9,1.842,0.133,17,reviewed,us,us
2024-06-24T13:36:07.055Z,-21.961,-179.5302,591.039,5.1,mb,163,22,4.771,0.84,us,us7000muc2,2024-09-04T21:57:39.040Z,"Fiji region",earthquake,9.74,5.381,0.024,577,reviewed,us,us
2024-06-24T17:39:26.538Z,-57.2271,-23.814,10,4.6,mb,25,109,7.734,0.43,us,us6000n7z6,2024-09-04T21:57:40.040Z,"South Sandwich Islands region",earthquake,11.87,1.909,0.114,23,reviewed,us,us
2024-06-24T20:38:39.216Z,-23.5129,-66.5634,219.72,4.6,mb,28,95,1.587,1.1,us,us6000n800,2024-09-04T21:57:40.040Z,"81 km NNW of San Antonio de los Cobres, Argentina",earthquake,8.46,6.247,0.157,12,reviewed,us,us
2024-06-24T21:10:03.594Z,-18.746,-172.7872,10,4.6,mb,27,82,2.727,1.13,us,us6000n9mt,2024-09-04T21:57:40.040Z,"126 km E of Neiafu, Tonga",earthquake,9.85,1.851,0.122,20,reviewed,us,us
2024-06-24T21:44:15.965Z,-20.1206,168.6615,10,4.7,mb,29,83,2.726,0.98,us,us6000n9mw,2024-09-04T21:57:40.040Z,"91 km SW of Isangel, Vanuatu",earthquake,4.21,1.847,0.123,20,reviewed,us,us
2024-06-24T22:36:44.501Z,39.277,27.5361,11.849,4.7,mww,101,26,0.532,0.47,us,us6000n80m,2024-09-04T21:57:40.040Z,"11 km NNW of Soma, Turkey",earthquake,4.07,3.956,0.078,16,reviewed,us,us
2024-06-25T04:27:59.341Z,-1.5654,126.4371,39.61,4.8,mb,60,45,2.501,0.58,us,us6000n820,2024-09-04T21:57:40.040Z,"74 km NE of Sanana, Indonesia",earthquake,6.43,6.068,0.064,75,reviewed,us,us
2024-06-25T04:31:38.690Z,-63.7848,-165.7773,10,5,mb,30,75,16.441,0.52,us,us6000n82c,2024-09-04T21:57:40.040Z,"Pacific-Antarctic Ridge",earthquake,7.05,1.858,0.117,23,reviewed,us,us
2024-06-25T06:45:33.597Z,-20.8857,-173.8392,10,5.1,mb,91,64,1.306,0.81,us,us6000n82d,2024-09-04T21:57:40.040Z,"126 km ENE of ‘Ohonua, Tonga",earthquake,7.08,1.838,0.057,99,reviewed,us,us
2024-06-25T08:20:46.175Z,-54.3163,-56.9563,10,5.1,mww,61,76,2.729,1.31,us,us6000n82m,2024-09-04T21:57:40.040Z,"Falkland Islands region",earthquake,6.93,1.812,0.083,14,reviewed,us,us
2024-06-25T08:30:59.769Z,33.4839,141.3336,34.723,5.4,mww,137,30,1.325,1.01,us,us6000n82p,2024-09-04T21:57:40.040Z,"206 km SSE of Katsuura, Japan",earthquake,5.89,3.604,0.049,40,reviewed,us,us
2024-06-25T08:54:36.006Z,-64.5902,175.9917,9.427,4.6,mb,24,58,13.62,0.94,us,us6000n9wg,2024-09-04T21:57:40.040Z,"Balleny Islands region",earthquake,13.75,3.13,0.165,11,reviewed,us,us
2024-06-25T09:55:29.855Z,-54.3635,-57.0173,10,4.6,mb,35,98,2.766,0.94,us,us6000n9wv,2024-09-04T21:57:40.040Z,"Falkland Islands region",earthquake,8.68,1.629,0.107,26,reviewed,us,us
2024-06-25T12:56:56.625Z,19.7909,-109.4713,10,4.9,mww,165,93,1.702,0.48,us,us6000n83g,2024-09-04T21:57:40.040Z,"Revilla Gigedo Islands region",earthquake,6.61,1.834,0.054,33,reviewed,us,us
2024-06-25T13:25:53.959Z,-17.6623,-178.8613,553.209,4.8,mb,163,35,2.061,0.77,us,us6000n83h,2024-09-04T21:57:40.040Z,"198 km ENE of Levuka, Fiji",earthquake,6.2,5.432,0.025,505,reviewed,us,us
2024-06-25T19:03:26.123Z,6.848,-77.0329,41.197,4.6,mwr,96,39,1.631,0.72,us,us6000n84y,2024-09-04T21:57:40.040Z,"27 km WSW of Murindó, Colombia",earthquake,6.16,6.039,0.078,16,reviewed,us,us
2024-06-25T21:25:13.564Z,-3.138,130.584,10,4.6,mb,47,56,1.677,0.84,us,us6000n85y,2024-09-04T21:57:41.040Z,"180 km E of Masohi, Indonesia",earthquake,3.02,1.853,0.087,41,reviewed,us,us
2024-06-25T22:17:33.501Z,-10.6015,164.8257,86.072,4.7,mb,90,63,4.941,0.57,us,us6000n864,2024-09-04T21:57:41.040Z,"107 km W of Lata, Solomon Islands",earthquake,10.1,6.906,0.062,78,reviewed,us,us
2024-06-25T22:36:24.832Z,-31.9645,-71.803,39.939,4.6,mb,39,117,1.022,0.62,us,us6000n86h,2024-09-04T21:57:41.040Z,"70 km WSW of Illapel, Chile",earthquake,4.41,9.982,0.206,7,reviewed,us,us
2024-06-26T00:56:22.555Z,10.2337,93.8875,10,4.5,mb,44,137,6.203,0.62,us,us6000n874,2024-09-04T21:57:41.040Z,"196 km SE of Port Blair, India",earthquake,10.53,1.896,0.108,25,reviewed,us,us
2024-06-26T01:24:13.616Z,8.0633,90.4103,10,5.6,mww,124,35,7.077,0.51,us,us6000n877,2024-09-04T21:57:41.040Z,"Nicobar Islands, India region",earthquake,4.75,1.706,0.066,22,reviewed,us,us
2024-06-26T02:27:08.387Z,23.1927,143.9306,10,4.5,mb,39,124,4.196,0.69,us,us6000na2u,2024-09-04T21:57:41.040Z,"Volcano Islands, Japan region",earthquake,12.99,1.901,0.113,24,reviewed,us,us
2024-06-26T03:20:09.913Z,51.0467,179.722,35,4.5,mb,82,139,0.424,0.63,us,us6000n87d,2024-09-04T21:57:41.040Z,"269 km WSW of Adak, Alaska",earthquake,5.29,1.885,0.034,256,reviewed,us,us
2024-06-26T06:06:35.010Z,17.1519,-46.5568,10,4.6,mb,29,134,13.37,0.7,us,us6000na2z,2024-09-04T21:57:41.040Z,"northern Mid-Atlantic Ridge",earthquake,13.21,1.918,0.112,24,reviewed,us,us
2024-06-26T07:16:01.727Z,-6.6355,-76.4715,10,4.6,mb,62,39,1.973,1.26,us,us6000n889,2024-09-04T21:57:41.040Z,"11 km S of Zapatero, Peru",earthquake,6.75,1.829,0.083,44,reviewed,us,us
2024-06-26T07:18:07.171Z,5.6364,125.6322,202.604,4.5,mb,43,83,1.425,0.88,us,us6000n88a,2024-09-04T21:57:41.040Z,"17 km ESE of Kalbay, Philippines",earthquake,9.97,7.16,0.091,35,reviewed,us,us
2024-06-26T08:19:08.140Z,26.8514,100.8523,10,4.8,mb,62,56,7.958,0.71,us,us6000n88d,2024-09-04T21:57:41.040Z,"6 km W of Zhanhe, China",earthquake,8.42,1.848,0.064,76,reviewed,us,us
2024-06-26T08:31:44.909Z,-14.9953,-172.9975,10,4.5,mb,22,90,1.597,1.22,us,us6000na32,2024-09-04T21:57:41.040Z,"136 km NE of Hihifo, Tonga",earthquake,6.97,1.894,0.171,13,reviewed,us,us
2024-06-26T08:36:14.541Z,27.0157,100.8211,10,4.7,mb,49,85,8.103,0.93,us,us6000n88e,2024-09-04T21:57:41.040Z,"19 km SSW of Xinyingpan, China",earthquake,10.84,1.881,0.091,37,reviewed,us,us
2024-06-26T08:42:42.114Z,51.2007,-178.1626,35,4.7,mwr,132,72,0.54,1.13,us,us6000n88h,2024-09-04T21:57:41.040Z,"129 km SW of Adak, Alaska",earthquake,4.67,1.818,0.089,12,reviewed,us,us
2024-06-26T09:38:10.868Z,-25.8992,-177.1306,82.14,4.8,mb,29,129,3.408,0.89,us,us6000n88m,2024-09-04T21:57:41.040Z,"south of the Fiji Islands",earthquake,8.92,7.903,0.119,22,reviewed,us,us
2024-06-26T10:07:28.105Z,36.4396,70.3975,191.076,4.5,mb,84,99,2.474,0.65,us,us6000n88p,2024-09-04T21:57:41.040Z,"50 km ESE of Farkhār, Afghanistan",earthquake,9.77,7.543,0.064,71,reviewed,us,us
2024-06-26T12:35:11.660Z,-52.1702,15.4494,10,4.5,mb,15,105,20.159,0.6,us,us6000na3f,2024-09-04T21:57:41.040Z,"southwest of Africa",earthquake,6.21,1.924,0.171,10,reviewed,us,us
2024-06-26T12:57:51.496Z,-13.2293,167.0887,199.001,5.1,mww,87,72,7.758,0.63,us,us6000n892,2024-09-04T21:57:41.040Z,"87 km NW of Sola, Vanuatu",earthquake,10.56,7.499,0.08,15,reviewed,us,us
2024-06-26T13:18:04.444Z,-26.0698,-71.0011,35.646,4.9,mww,173,131,0.37,0.51,us,us6000n895,2024-09-04T21:57:41.040Z,"89 km SW of Taltal, Chile",earthquake,3.31,4.65,0.083,14,reviewed,us,us
2024-06-26T13:39:33.305Z,24.3949,93.8041,57.577,4.6,mb,104,66,2.619,0.52,us,us6000n89d,2025-05-29T05:48:49.301Z,"11 km SSE of Moirāng, India",earthquake,8.7,6.656,0.059,86,reviewed,us,us
2024-06-26T14:50:59.509Z,-18.3863,-177.9328,527.186,4.5,mb,131,70,3.198,0.64,us,us6000n89k,2024-09-04T21:57:41.040Z,"293 km E of Levuka, Fiji",earthquake,9.47,7.631,0.05,119,reviewed,us,us
2024-06-26T15:32:02.637Z,-60.7242,-22.7864,10,4.5,mb,13,116,9.785,1.06,us,us6000na3a,2024-09-04T21:57:41.040Z,"South Sandwich Islands region",earthquake,8.44,1.853,0.171,10,reviewed,us,us
2024-06-26T20:46:11.951Z,-31.023,-71.6894,68.734,4.6,mb,59,78,0.351,0.74,us,us6000n8hz,2024-09-04T21:57:41.040Z,"66 km SW of Ovalle, Chile",earthquake,5.14,4.685,0.086,41,reviewed,us,us
2024-06-26T23:30:39.588Z,-5.9579,126.6144,9.78,4.6,mb,38,49,4.432,0.68,us,us6000n8il,2024-09-04T21:57:42.040Z,"278 km N of Baukau, Timor Leste",earthquake,4.84,4.706,0.095,33,reviewed,us,us
2024-06-27T01:53:15.534Z,13.3242,120.5012,68.509,4.6,mb,52,113,9.923,0.57,us,us6000n8ja,2024-09-04T21:57:42.040Z,"10 km SSE of Paluan, Philippines",earthquake,13.12,9.023,0.095,33,reviewed,us,us
2024-06-27T02:53:24.331Z,7.4568,-34.5941,10,4.7,mb,45,115,13.104,0.75,us,us6000n8jg,2024-09-04T21:57:42.040Z,"central Mid-Atlantic Ridge",earthquake,10.38,1.893,0.092,36,reviewed,us,us
2024-06-27T03:46:36.257Z,-0.3864,123.237,52.135,4.7,mb,60,46,2.871,1.06,us,us6000n8jl,2024-09-04T21:57:42.040Z,"80 km NE of Luwuk, Indonesia",earthquake,6.71,5.49,0.079,49,reviewed,us,us
2024-06-27T08:25:15.468Z,-18.0938,168.3187,97.427,4.8,mb,52,74,4.524,0.53,us,us6000n8k6,2024-09-04T21:57:42.040Z,"39 km S of Port-Vila, Vanuatu",earthquake,9.26,7.407,0.083,45,reviewed,us,us
2024-06-27T08:39:41.347Z,-33.1321,-69.9381,116.255,4.5,mb,50,160,0.318,0.43,us,us6000n8k8,2024-09-04T21:57:42.040Z,"68 km ENE of Chicureo Abajo, Chile",earthquake,8.15,6.195,0.094,33,reviewed,us,us
2024-06-27T10:42:04.794Z,-6.3887,149.3223,43.976,5,mb,77,58,3.388,0.89,us,us6000n8ld,2024-09-04T21:57:42.040Z,"32 km SW of Kandrian, Papua New Guinea",earthquake,7.45,5.511,0.05,126,reviewed,us,us
2024-06-27T11:12:02.388Z,49.2259,156.2518,44.581,4.5,mb,59,130,3.993,0.64,us,us6000n8lj,2024-09-04T21:57:42.040Z,"161 km S of Severo-Kuril’sk, Russia",earthquake,9.61,7.185,0.082,44,reviewed,us,us
2024-06-27T11:31:52.463Z,-17.8268,-178.4992,602.759,4.5,mb,84,41,2.439,0.67,us,us6000n8ln,2024-09-04T21:57:42.040Z,"232 km E of Levuka, Fiji",earthquake,11.93,6.736,0.035,244,reviewed,us,us
2024-06-27T11:42:45.132Z,-21.4868,-68.5914,100.406,4.6,mwr,71,43,0.945,1.03,us,us6000n8lr,2024-09-04T21:57:42.040Z,"45 km SW of Ollagüe, Chile",earthquake,5.79,4.926,0.069,20,reviewed,us,us
2024-06-27T13:32:23.510Z,-6.306,149.3691,30.954,4.5,mb,26,152,3.777,0.88,us,us6000n8m8,2024-09-04T21:57:42.040Z,"22 km WSW of Kandrian, Papua New Guinea",earthquake,10.82,6.329,0.128,18,reviewed,us,us
2024-06-27T15:02:23.124Z,-19.6149,66.8541,10,5.3,mww,69,45,3.286,0.83,us,us6000n8vj,2024-09-04T21:57:42.040Z,"Mauritius - Reunion region",earthquake,10.67,1.836,0.061,26,reviewed,us,us
2024-06-27T16:13:18.474Z,24.9471,142.668,10,4.8,mb,71,83,2.183,0.74,us,us6000n8mz,2024-09-04T21:57:42.040Z,"Volcano Islands, Japan region",earthquake,9.02,1.832,0.055,104,reviewed,us,us
2024-06-27T16:15:50.334Z,-56.3811,-26.141,35,4.5,mb,19,212,6.267,0.84,us,us7000mx2y,2024-09-04T21:57:42.040Z,"South Sandwich Islands region",earthquake,9.18,1.977,0.139,18,reviewed,us,us
2024-06-27T16:19:08.767Z,34.0045,141.5847,10,4.6,mb,57,111,1.724,1.04,us,us6000n8n1,2024-09-04T21:57:42.040Z,"172 km SE of Katsuura, Japan",earthquake,7.13,1.851,0.074,55,reviewed,us,us
2024-06-27T16:37:51.299Z,-33.4081,-179.2724,29,5.9,mww,95,56,4.292,1.05,us,us6000n8nu,2024-09-04T21:57:42.040Z,"south of the Kermadec Islands",earthquake,9.43,1.789,0.048,42,reviewed,us,us
2024-06-27T17:09:24.965Z,-33.4751,-179.1267,38.064,4.5,mb,26,158,4.325,0.78,us,us6000n8pi,2024-09-04T21:57:42.040Z,"south of the Kermadec Islands",earthquake,11.22,10.159,0.121,20,reviewed,us,us
2024-06-27T19:27:42.051Z,51.8688,-170.4603,10,4.9,mww,96,136,0.982,0.81,us,us6000n8qf,2024-09-04T21:57:42.040Z,"161 km SW of Nikolski, Alaska",earthquake,5.57,1.352,0.069,20,reviewed,us,us
2024-06-27T19:27:45.621Z,27.2326,128.9261,37.258,4.9,mb,69,79,0.704,0.74,us,us6000n8qg,2024-09-04T21:57:42.040Z,"32 km ESE of Wadomari, Japan",earthquake,5.73,6.267,0.05,124,reviewed,us,us
2024-06-27T21:01:50.389Z,-0.5929,-19.0219,10,4.9,mb,19,79,8.645,0.4,us,us7000mx2x,2024-09-04T21:57:42.040Z,"central Mid-Atlantic Ridge",earthquake,12.33,1.887,0.177,10,reviewed,us,us
2024-06-27T21:02:13.028Z,-33.3923,-179.1303,35,4.5,mb,20,153,4.245,0.9,us,us7000mx2z,2024-09-04T21:57:42.040Z,"south of the Kermadec Islands",earthquake,7.98,1.906,0.204,7,reviewed,us,us
2024-06-27T22:04:46.707Z,-13.4562,-111.2458,10,4.8,mb,27,91,33.265,0.35,us,us7000mx31,2024-09-04T21:57:42.040Z,"central East Pacific Rise",earthquake,14.9,1.881,0.121,21,reviewed,us,us
2024-06-28T01:46:52.548Z,37.5903,141.94,41.89,4.5,mwr,77,120,3.162,0.51,us,us6000n8ss,2024-09-04T21:57:43.040Z,"83 km E of Namie, Japan",earthquake,7.8,5.199,0.075,17,reviewed,us,us
2024-06-28T02:30:59.760Z,27.2143,128.8762,37.61,4.8,mb,65,54,0.657,0.87,us,us6000n8t8,2024-09-04T21:57:43.040Z,"29 km SE of Wadomari, Japan",earthquake,6,6.912,0.054,108,reviewed,us,us
2024-06-28T03:43:23.250Z,38.7363,48.5051,10,4.8,mb,46,79,0.817,0.86,us,us6000n8tc,2024-09-04T21:57:43.040Z,"8 km ESE of Lerik, Azerbaijan",earthquake,7.43,1.866,0.072,61,reviewed,us,us
2024-06-28T05:36:36.902Z,-15.8277,-74.454,24,7.2,mww,105,46,4.675,0.93,us,us6000n8tq,2025-02-09T14:16:45.954Z,"10 km WSW of Atiquipa, Peru",earthquake,8.89,1.881,0.041,56,reviewed,us,us
2024-06-28T05:52:17.857Z,-15.9035,-74.7714,31.05,4.7,mb,21,143,4.894,1.28,us,us6000n8tz,2024-09-04T21:57:43.040Z,"45 km WSW of Atiquipa, Peru",earthquake,4.92,6.482,0.143,15,reviewed,us,us
2024-06-28T06:36:07.876Z,-30.0108,-176.3126,10,5,mb,43,107,1.586,1.26,us,us6000n8tw,2024-09-04T21:57:43.040Z,"Kermadec Islands region",earthquake,10.27,1.864,0.078,53,reviewed,us,us
2024-06-28T08:42:35.326Z,23.3935,122.2366,10,4.8,mb,33,104,0.863,1.11,us,us6000n8ud,2024-09-04T21:57:43.040Z,"91 km SE of Hualien City, Taiwan",earthquake,2.58,1.882,0.086,42,reviewed,us,us
2024-06-28T13:00:39.570Z,-20.649,-175.6315,10,5.7,mww,75,38,0.654,0.65,us,us6000n8vk,2024-10-09T03:15:27.209Z,"67 km NNW of Houma, Tonga",earthquake,6.56,1.775,0.069,20,reviewed,us,us
2024-06-28T15:37:55.822Z,10.758,125.4271,97.95,4.5,mb,52,80,3.661,1.18,us,us6000n8yu,2024-09-04T21:57:43.040Z,"32 km NE of Hingatungan, Philippines",earthquake,5.74,5.939,0.059,84,reviewed,us,us
2024-06-28T16:29:46.139Z,-3.4353,101.6325,72.568,4.5,mb,38,182,1.608,0.66,us,us6000n8z5,2024-09-04T21:57:43.040Z,"81 km WNW of Bengkulu, Indonesia",earthquake,10.04,8.743,0.108,25,reviewed,us,us
2024-06-28T17:03:35.353Z,-34.4667,-178.6912,10,4.7,mb,57,70,3.932,0.85,us,us6000n8z8,2024-09-04T21:57:43.040Z,"south of the Kermadec Islands",earthquake,8.53,1.77,0.082,50,reviewed,us,us
2024-06-28T17:16:45.100Z,10.1256,93.6765,10,5,mb,119,43,5.845,0.63,us,us6000n8zg,2024-09-04T21:57:43.040Z,"198 km SSE of Port Blair, India",earthquake,8.87,1.793,0.058,103,reviewed,us,us
2024-06-28T20:47:54.102Z,-5.4208,151.6393,63.19,4.5,mb,109,37,5.425,0.61,us,us6000n918,2024-09-04T21:57:43.040Z,"138 km SSW of Kokopo, Papua New Guinea",earthquake,9.38,5.145,0.063,78,reviewed,us,us
2024-06-28T21:21:09.906Z,11.3173,121.9609,12.305,4.8,mww,72,83,5.529,0.63,us,us7000mx8e,2024-09-04T21:57:43.040Z,"8 km WNW of Tibiao, Philippines",earthquake,9.28,4.604,0.086,13,reviewed,us,us
2024-06-28T22:01:56.399Z,5.9482,-82.6481,10,4.8,mww,124,86,2.536,0.6,us,us6000n91g,2024-09-04T21:57:43.040Z,"231 km S of Burica, Panama",earthquake,8.02,1.865,0.083,14,reviewed,us,us
2024-06-29T01:02:16.837Z,-11.6745,166.4885,238.517,4.5,mb,35,146,9.075,0.46,us,us7000mx8y,2024-09-04T21:57:43.040Z,"129 km SE of Lata, Solomon Islands",earthquake,5.67,8.733,0.102,28,reviewed,us,us
2024-06-29T04:21:48.691Z,-23.9993,-70.2362,45.761,4.9,mwr,76,105,1.299,1.14,us,us6000n933,2024-09-04T21:57:43.040Z,"41 km SSE of Antofagasta, Chile",earthquake,6.45,4.58,0.045,47,reviewed,us,us
2024-06-29T04:32:23.104Z,-6.5376,103.4533,21.51,4.9,mb,39,167,2.219,1,us,us6000n93a,2024-09-04T21:57:43.040Z,"234 km WSW of Bandar Lampung, Indonesia",earthquake,8.71,5.185,0.107,29,reviewed,us,us
2024-06-29T04:52:30.353Z,-15.2642,-178.53,421.554,4.5,mb,77,66,2.353,0.81,us,us6000n93d,2024-09-04T21:57:43.040Z,"114 km SSW of Leava, Wallis and Futuna",earthquake,11.36,6.382,0.035,247,reviewed,us,us
2024-06-29T05:16:55.306Z,-6.5697,144.7321,10,4.8,mb,36,69,3.703,0.81,us,us6000n93j,2024-09-04T21:57:43.040Z,"66 km SSW of Kundiawa, Papua New Guinea",earthquake,6.13,1.755,0.119,22,reviewed,us,us
2024-06-29T05:22:35.517Z,55.7126,164.5675,10,4.7,mb,160,119,4.385,0.58,us,us6000n93l,2024-09-04T21:57:43.040Z,"142 km ESE of Ust’-Kamchatsk Staryy, Russia",earthquake,10.27,1.914,0.044,160,reviewed,us,us
2024-06-29T06:39:04.730Z,25.4046,122.3122,244.07,4.8,mww,120,34,0.854,0.55,us,us6000n941,2024-09-04T21:57:44.040Z,"57 km NE of Jiufen, Taiwan",earthquake,7.29,5.309,0.083,14,reviewed,us,us
2024-06-29T06:49:41.906Z,43.3709,147.0237,42.384,5,mb,114,135,3.156,0.56,us,us6000n943,2024-09-04T21:57:44.040Z,"53 km SSE of Shikotan, Russia",earthquake,2.72,7.089,0.059,94,reviewed,us,us
2024-06-29T07:05:32.855Z,-16.0485,-74.556,18,6.1,mww,138,89,4.606,0.71,us,us6000n948,2024-09-04T21:57:44.040Z,"34 km SW of Atiquipa, Peru",earthquake,7.96,1.856,0.059,28,reviewed,us,us
2024-06-29T07:22:47.284Z,-15.9911,-74.5613,21.807,5.4,mww,62,132,4.554,0.87,us,us6000n94d,2024-09-04T21:57:44.040Z,"30 km SW of Atiquipa, Peru",earthquake,9.78,5.187,0.083,14,reviewed,us,us
2024-06-29T08:44:23.855Z,-17.8641,-178.6124,563.456,4.6,mb,73,40,2.37,0.79,us,us6000n94x,2024-09-04T21:57:44.040Z,"220 km E of Levuka, Fiji",earthquake,12.62,9.083,0.069,62,reviewed,us,us
2024-06-29T11:10:33.068Z,52.264,-175.1645,101.38,5,mb,91,129,0.545,0.95,us,us6000n95k,2025-06-29T11:20:46.448Z,"66 km W of Atka, Alaska",earthquake,6.76,4.404,0.022,635,reviewed,us,us
2024-06-29T16:38:46.516Z,-54.0633,7.2302,10,5.6,mww,209,16,18.209,0.88,us,us6000n96v,2024-09-04T21:57:44.040Z,"Bouvet Island region",earthquake,8.89,1.193,0.086,13,reviewed,us,us
2024-06-29T16:55:12.715Z,-54.0844,7.1878,10,4.6,mb,10,94,18.183,0.76,us,us7000mx9b,2024-09-04T21:57:44.040Z,"Bouvet Island region",earthquake,14.21,1.913,0.244,6,reviewed,us,us
2024-06-29T17:37:10.796Z,45.3179,152.1489,10,4.5,mb,42,185,6.726,0.84,us,us7000mx9d,2024-09-04T21:57:44.040Z,"east of the Kuril Islands",earthquake,10.19,1.968,0.104,31,reviewed,us,us
2024-06-29T20:22:34.558Z,-22.2585,-174.4211,10,4.5,mb,14,91,1.009,0.51,us,us7000mx9f,2024-09-04T21:57:44.040Z,"115 km SSE of ‘Ohonua, Tonga",earthquake,4.95,1.916,0.221,6,reviewed,us,us
2024-06-30T00:17:08.744Z,-41.6402,84.7868,10,4.6,mb,16,88,37.709,0.66,us,us7000mx9p,2024-09-04T21:57:44.040Z,"southeast Indian Ridge",earthquake,7.19,1.903,0.146,14,reviewed,us,us
2024-06-30T03:46:55.021Z,6.6903,-73.0526,160.601,4.8,mb,84,31,0.793,0.55,us,us6000n9a9,2024-09-04T21:57:44.040Z,"3 km W of Aratoca, Colombia",earthquake,4.14,5.638,0.023,607,reviewed,us,us
2024-06-30T07:48:50.640Z,-5.4759,146.9095,217.946,4.6,mb,40,143,3.44,0.39,us,us6000n9bk,2024-09-04T21:57:45.040Z,"127 km ESE of Madang, Papua New Guinea",earthquake,10.71,7.729,0.114,24,reviewed,us,us
2024-06-30T08:35:20.099Z,-26.9032,-176.6289,10,4.7,mb,38,115,2.6,0.8,us,us7000mxa1,2024-09-04T21:57:45.040Z,"south of the Fiji Islands",earthquake,11.09,1.873,0.062,78,reviewed,us,us
2024-06-30T12:08:43.174Z,-28.85,-70.6246,88.927,4.6,mb,34,121,0.174,0.42,us,us6000n9ed,2024-09-04T21:57:45.040Z,"33 km SSE of Vallenar, Chile",earthquake,5.63,3.931,0.206,7,reviewed,us,us
2024-06-30T15:28:34.577Z,2.9365,125.7646,9.984,4.5,mb,27,108,2.681,0.61,us,us7000mxa4,2024-09-04T21:57:45.040Z,"179 km NNE of Bitung, Indonesia",earthquake,12.1,4.864,0.115,22,reviewed,us,us
2024-06-30T16:06:29.333Z,-9.3734,107.4144,20.277,5.2,mb,66,74,1.913,0.79,us,us6000n9fs,2024-09-04T21:57:45.040Z,"236 km SSW of Singaparna, Indonesia",earthquake,6.53,1.431,0.068,70,reviewed,us,us
2024-06-30T18:23:20.345Z,18.9993,144.9393,592.508,5.2,mww,98,72,3.825,0.76,us,us6000n9gl,2025-06-30T18:33:31.709Z,"Pagan region, Northern Mariana Islands",earthquake,8.92,6.329,0.089,12,reviewed,us,us
2024-06-30T20:47:39.077Z,-8.2077,-74.6314,129.094,4.6,mb,47,110,4.341,0.51,us,us6000n9hb,2024-09-04T21:57:45.040Z,"20 km NNW of Pucallpa, Peru",earthquake,8.05,7.572,0.045,150,reviewed,us,us
2024-06-30T20:57:36.825Z,34.4881,45.5961,7.64,4.9,mww,80,105,0.278,0.7,us,us6000n9he,2024-09-04T21:57:45.040Z,"24 km W of Sarpol-e Z̄ahāb, Iran",earthquake,4.72,3.972,0.098,10,reviewed,us,us
2024-06-30T22:53:41.598Z,12.6501,120.7897,10,4.9,mb,115,124,10.695,0.5,us,us6000n9ia,2024-09-04T21:57:45.040Z,"11 km W of Ligaya, Philippines",earthquake,10.04,1.881,0.058,92,reviewed,us,us
2024-06-30T23:03:48.073Z,-6.4763,142.7757,10,4.5,mb,43,150,4.445,0.47,us,us6000n9i3,2024-09-04T21:57:45.040Z,"72 km SSW of Tari, Papua New Guinea",earthquake,11.01,1.894,0.097,31,reviewed,us,us
2024-06-30T23:11:49.721Z,25.491,141.075,152.257,4.6,mb,125,39,1.883,0.59,us,us6000n9i9,2024-09-04T21:57:45.040Z,"Volcano Islands, Japan region",earthquake,10.39,5.813,0.053,104,reviewed,us,us
2024-06-30T23:54:27.894Z,-8.4548,121.946,205.056,4.5,mb,46,84,2.631,0.93,us,us6000n9ic,2024-09-04T21:57:46.040Z,"34 km WNW of Maumere, Indonesia",earthquake,4.57,7.28,0.09,36,reviewed,us,us
